company_name,post_name,registration_date,deadline,qualification_agent,qualification_education,qualification_career,region,Field,keywords_list,source_info,source_type,update_date,status
(주)솔루엠Power연구소,(주)솔루엠 R&D 부문별 전문연구요원(전기/전자/컴퓨터) 모집(석사이상 신입/경력),2025-06-09,2025-08-08,현역,석사 이상,신입/경력,"경기도 용인시 기흥구 용구대로2354, 5층","연구개발(회로개발,H/W개발,S/W개발)","솔루엠 홈페이지를 통해 지원가능합니다.

입사 시 정직원과 동일한 대우, 다양한 복리후생 지원합니다.

홈페이지 : https://www.solum-group.co.kr/",https://work.mma.go.kr/caisBYIS/search/cygonggogeomsaekView.do?menu_id=&searchCondition=&searchKeyword=&pageUnit=10&pageIndex=1&cygonggo_no=2000001071489&jbc_cd=&byjjeopche_cd=220220291&eopjong_gbcd=2&gegyumo_cd=&eopche_nm=&sido_addr=&sigungu_addr=&jeonjik_yn=&yeokjong_brcd=&cyjemok_nm=&eopjong_gbcd_list=,military,2025-06-09 22:17:21,new
(주)니코메디칼 기업부설연구소,의약외품 제조업 전문연구요원 모집,2025-06-09,2025-06-30,보충역,대학교 졸업(4년),신입/경력,"경기도 광주시 오포로240-4, 301호",1) 의약외품 개발 업무 2) 화장품 제형 개발 및 분석 업무 3) 국책 과제 수행,"*우대사항
- 관련 전공 석사/박사 학위 소지자
- 이화학 분석 기기 능통자
- 국책과제 실무 경험자
- 영어 능통자",https://work.mma.go.kr/caisBYIS/search/cygonggogeomsaekView.do?menu_id=&searchCondition=&searchKeyword=&pageUnit=10&pageIndex=1&cygonggo_no=2000001071289&jbc_cd=&byjjeopche_cd=220250163&eopjong_gbcd=2&gegyumo_cd=&eopche_nm=&sido_addr=&sigungu_addr=&jeonjik_yn=&yeokjong_brcd=&cyjemok_nm=&eopjong_gbcd_list=,military,2025-06-09 22:17:21,new
(주)파이오링크 부설연구소,[서울 가산디지털역] 전문연구요원 어플리케이션 및 클라우드 개발,2025-06-09,2025-07-31,현역,석사 이상,신입/경력,"서울특별시 금천구 가산디지털2로98 1동 401~403호, 410호, 412~413호, 411호",어플리케이션 및 클라우드 개발,"안녕하세요, 채용담당자입니다.

임직원 : 410명
2024년 전문연구요원 전역 2명완료
2025년 2명 신규 채용완료
2025년 전문연구요원 현 근무자 8명 / 배정 10명

아래 인원의 인재를 채용하고있습니다.

담당업무 :
- L7 트래픽 및 네트워크 서비스 관련 개발
- Django 기반의 장비 내부 API 기반 개발
- 빅 데이터 처리를 통한 서비스 개발
- 퍼블릭/프라이빗 클라우드 연동개발

자격요건 :
- C 프로그래밍 및 Python프로그래밍을 활용한 개발 경험
- 네트워크 및 소켓 프로그래밍에 대한 경험

우대사항
- 웹/API 프로토콜에 대한 이해
- Django(Python) 기반의 RESTful API 서비스 개발 경험
- 빅데이터 처리 개발 경험
- 커널 모듈 또는 오픈소스 개발 및 디버깅 경험
- 오픈소스 활용 경험
- 네트워크 프로토콜에 대한 이해
- 웹/API 보안에 대한 이해

지원방법: 병역일터 지원 또는 사람인 지원",https://work.mma.go.kr/caisBYIS/search/cygonggogeomsaekView.do?menu_id=&searchCondition=&searchKeyword=&pageUnit=10&pageIndex=1&cygonggo_no=2000001070508&jbc_cd=&byjjeopche_cd=220190074&eopjong_gbcd=2&gegyumo_cd=&eopche_nm=&sido_addr=&sigungu_addr=&jeonjik_yn=&yeokjong_brcd=&cyjemok_nm=&eopjong_gbcd_list=,military,2025-06-09 22:17:21,new
(주)파이오링크 부설연구소,[서울 가산디지털역]전문연구요원 프라이빗 클라우드 제품 개발,2025-06-09,2025-07-31,현역,석사 이상,신입/경력,"서울특별시 금천구 가산디지털2로98 1동 401~403호, 410호, 412~413호, 411호",프라이빗 클라우드 제품 개발,"안녕하세요, 채용담당자입니다.

임직원 : 410명
2024년 전문연구요원 전역 2명완료
2025년 2명 신규 채용완료
2025년 전문연구요원 현 근무자 8명 / 배정 10명

아래 인원의 인재를 채용하고있습니다.

[자격요건]
- 학력: 대졸 이상 (4년)
- 전공: 컴퓨터 공학 전공자
- 경력: 무관 (신입도 지원 가능)

[담당업무]
- 프라이빗 클라우드 관리 시스템 개발
- 설치 자동화 솔루션 개발

[필수조건]
- C, Python, Golang 중 한 개 이상 개발 가능자
- 해외 출장에 결격 사유가 없는 분

[우대조건]
- 클라우드 개발에 관심있는 자
- Linux 환경 개발 경험자
- Ansible 개발 경험자
- Openstack 개발 경험자
- Kubernetes 클러스터 관리 기능 개발 업무
- MSA 구조 개발 경험자
- 형상관리 툴(Git, Github 등)을 통한 협업 경험자
- Jenkins, ArgoCD 등 CI/CD 파이프라인 서비스 경험자",https://work.mma.go.kr/caisBYIS/search/cygonggogeomsaekView.do?menu_id=&searchCondition=&searchKeyword=&pageUnit=10&pageIndex=1&cygonggo_no=2000001070507&jbc_cd=&byjjeopche_cd=220190074&eopjong_gbcd=2&gegyumo_cd=&eopche_nm=&sido_addr=&sigungu_addr=&jeonjik_yn=&yeokjong_brcd=&cyjemok_nm=&eopjong_gbcd_list=,military,2025-06-09 22:17:21,new
(주)플라잎 기업부설연구소,[로봇 / 플라잎 분당] 3D Vision Engineer (전문연구요원) _ Robot,2025-05-09,2025-06-30,현역,석사 이상,신입/경력,"경기 성남시 분당구 대왕판교로 660, 유스페이스1 B동 702호",3D Vision Engineer,"이력서 접수 홈페이지
: https://plaif.ninehire.site/job_posting/SXPonkTI


[업무 범위] 기대하는 역할입니다. 

• 3D 센서 데이터 전처리 & 노이즈 개선
• Stereo Camera, ToF 등 다양한 3D 센서로부터 획득한 데이터의 노이즈 모델링 및 필터링 기법 개발
• Rule-based 또는 학습 기반 노이즈 제거 네트워크 개발 및 적용
• 테스트 및 현장 검증
• 실험 환경 구축 및 벤치마크 테스트 수행
• 성능 모니터링, 문제 분석 후 가설 수립, 튜닝, 개선 시도


[자격요건] 이런 경험을 가진 분을 찾습니다.

• 컴퓨터공학, 전자공학, 로봇공학 등 관련 분야 학위자
• 3D Vision / 3D 카메라 관련 이론 및 실무 경험(Stereo / ToF / LiDAR)
• OpenCV, PCL, Open3D 등 3D Vision 관련 라이브러리 숙련도
• Linux 환경에서 C++ / Python 프로그래밍 능력
• 딥러닝 프레임워크(Pytorch, Tensorflow) 기반 모델 개발 경험


[ 기술 ] 이런 기술이 필요해요
 • C++ / Python / Linux / Git


[우대사항] 이런 분이면 더 좋아요.

• 해당 분야 석사/박사 학위 혹은 3년 이상의 경력을 갖춘 분
• SLAM, 3D Pointcloud 기반 환경 매핑 프로젝트 참여 경험
• Robotics에 대한 이해 및 경험이 있으신 분
• 논문 게재 혹은 오픈소스 커밋 활동 등 기술 커뮤니티 기여",https://work.mma.go.kr/caisBYIS/search/cygonggogeomsaekView.do?menu_id=&searchCondition=&searchKeyword=&pageUnit=10&pageIndex=1&cygonggo_no=2000001032318&jbc_cd=&byjjeopche_cd=220240132&eopjong_gbcd=2&gegyumo_cd=&eopche_nm=&sido_addr=&sigungu_addr=&jeonjik_yn=&yeokjong_brcd=&cyjemok_nm=&eopjong_gbcd_list=,military,2025-06-09 22:17:21,new
(주)플라잎 기업부설연구소,[로봇 / 플라잎 분당] ML Engineer (전문연구요원) _ Robot,2025-05-21,2025-06-30,현역,석사,신입/경력,"경기 성남시 분당구 대왕판교로 660, 유스페이스1 B동 702호",ML Engineer,"지원서 : https://plaif.ninehire.site/job_posting/1sopInMF

업무 내용 (What You Will Do)

지속적으로 학습 가능한 시스템을 구축합니다.
- 다양한 작업과 로봇 플랫폼에 일반화할 수 있는 모듈형이고 확장 가능한 학습 시스템을 설계합니다.
- 머신러닝, 딥러닝, 강화학습 분야의 최신 연구 동향을 지속적으로 파악합니다.
- 대규모 사전학습된 VLM, MLLM 또는 Policy Transformer와 같은 최신 도구를 활용하여, 로봇 조작을 위한 강화학습(RL), 모방학습 또는 파운데이션 모델 기반 시스템을 개발하고 테스트합니다.
- 시뮬레이션과 실제 환경 모두에서 로봇 조작에 적용되는 *Embodied AI* 파운데이션 모델, 특히 Vision-Language-Action (VLA) 시스템을 빠르게 프로토타이핑하고 평가합니다.
- 내부 비전 및 모션플래닝 팀과 협업하여 학습 기반 모델을 로봇 파이프라인에 통합하고 실제 환경에서의 성능을 최적화합니다.
- 연구원 및 엔지니어로 구성된 크로스펑셔널 팀에 기여하며, 협업 환경 속에서 지식을 공유하고 빠른 반복 개발을 추진합니다.

자격 요건 (What You Must Have)

- 컴퓨터공학, 머신러닝, 인공지능 또는 관련 분야의 석사 학위 또는 관련 분야에서 최소 3년 이상의 경력
- 머신러닝, 딥러닝 또는 강화학습 분야에서의 실무 경험 및 다양한 프로젝트 경험
- TensorFlow 또는 PyTorch 등 주요 ML 프레임워크 활용 능력
- 머신러닝 관련 수학, 통계, 선형대수에 대한 탄탄한 이해
- 빠르게 변화하는 스타트업 환경에서의 근무 경험 및 도전에 대한 열정
- 프로젝트를 끝까지 책임지고 완수할 수 있는 책임감과 몰입도
- Python에 대한 우수한 프로그래밍 능력
- MuJoCo, Isaac Gym, NVIDIA Omniverse 등의 시뮬레이션 환경에 대한 경험.",https://work.mma.go.kr/caisBYIS/search/cygonggogeomsaekView.do?menu_id=&searchCondition=&searchKeyword=&pageUnit=10&pageIndex=1&cygonggo_no=2000001049495&jbc_cd=&byjjeopche_cd=220240132&eopjong_gbcd=2&gegyumo_cd=&eopche_nm=&sido_addr=&sigungu_addr=&jeonjik_yn=&yeokjong_brcd=&cyjemok_nm=&eopjong_gbcd_list=,military,2025-06-09 22:17:21,new
(주)플라잎 기업부설연구소,[로봇 / 플라잎 분당] Reinforcement Learning Engineer (전문연구요원) _ 강화학습,2025-05-19,2025-06-30,현역,석사 이상,신입/경력,"경기 성남시 분당구 대왕판교로 660, 유스페이스1 B동 702호",Reinforcement Learning Engineer,"원서 지원 홈페이지 : https://plaif.ninehire.site/job_posting/BBxGLAp7

Reinforcement Learning Engineer / 전문연구요원 가능
담당 업무

Dual-arm robot control using reinforcement learning
- Robot behavior generator
- Fastening various connectors and devices
- Assembling various objects
Reinforcement learning training simulation 개발
Robot operation system 개발
자격 요건

관련 분야 학위자(컴퓨터공학, 인공지능학과 등)
Linux 환경에서 C/C++, Python 개발 경험
강화학습 이론에 대한 깊은 이해 및 최신 Deep Learning 기술에 대한 폭 넓은 이해
Deep Learning framework(PyTorch, TensorFlow 등) 구현 경험
물리 엔진 기반의 시뮬레이션을 사용한 강화학습 환경 구축 경험
최신 기술의 동향에 대해 지속적인 관심을 갖고 다른 사람들과 공유하는 것을 즐기는 사람
우대 사항

해당 분야 석사/박사 학위 혹은 3년 이상의 경력을 갖춘 분
Imitation Learning, Offline Learning에 대한 깊은 이해 및 경험이 있으신분
실제 Manipulator를 사용한 강화학습 프로젝트 진행 경험이 있으신 분
Robotics에 대한 이해 및 경험이 있으신 분
ROS2, Isaac sim 개발 경험이 있으신 분
Team-fit

빠르게 변화하는 스타트업 환경에서 도전과 성취를 즐기는 분
프로젝트의 성공적 완료를 위해 강한 책임감을 가지고 임할 수 있는 분
최신 기술 동향에 지속적으로 관심을 가지고 지식을 공유하는 것을 즐기는 분
[조직문화]
• 플라이퍼는 ""~님""이라는 호칭을 사용해 서로를 존중해요.
• 우리는 불필요한 회의를 최소화하고 오로지 업무에 집중할 수 있는 환경을 선호해요.
• 어떤 고민이 있을 시 리더 혹은 CEO와 언제든 자유롭게 1:1 미팅을 할 수 있어요.
• 의무적 회식은 그만! 누구든지 자유롭게 참여할 수 있는 회식 문화에요",https://work.mma.go.kr/caisBYIS/search/cygonggogeomsaekView.do?menu_id=&searchCondition=&searchKeyword=&pageUnit=10&pageIndex=1&cygonggo_no=2000001044497&jbc_cd=&byjjeopche_cd=220240132&eopjong_gbcd=2&gegyumo_cd=&eopche_nm=&sido_addr=&sigungu_addr=&jeonjik_yn=&yeokjong_brcd=&cyjemok_nm=&eopjong_gbcd_list=,military,2025-06-09 22:17:21,new
(주)호진플라텍부설 기술연구소,기술연구소 전문연구요원 채용,2024-02-01,2025-08-07,현역,석사 이상,신입/경력,경기도 안산시 단원구 목내로119번길 91 (목내동),연구개발,"1. 당사 수습기간은 없습니다. 대신, 기간제근로계약 3개월 근무 후 재계약합니다. 임금에 차이는 없습니다.
2. 박사 학력은 그에 맞는 연봉테이블로 맞춰드립니다.",https://work.mma.go.kr/caisBYIS/search/cygonggogeomsaekView.do?menu_id=&searchCondition=&searchKeyword=&pageUnit=10&pageIndex=1&cygonggo_no=2000000312094&jbc_cd=&byjjeopche_cd=220230008&eopjong_gbcd=2&gegyumo_cd=&eopche_nm=&sido_addr=&sigungu_addr=&jeonjik_yn=&yeokjong_brcd=&cyjemok_nm=&eopjong_gbcd_list=,military,2025-06-09 22:17:21,new
(주)컨트로맥스 기업부설연구소,Electrical/Electronic Engineer (Junior/Intermediate),2025-06-09,2025-08-08,현역,대학교 졸업(4년) 이상,신입/경력,대전광역시 유성구 지족동 은구비남로7번길48-37 (지족동),"항공용 서보기능설계(전기/전자/제어), 전기/전자/기계 3D Modeling 및 간섭체크(Mentoring제공), BOM/기술자료 형상관리","저희 Contromax는 국내/외 항공기 및 항공기 구성품 개발 경력자들로 구성된 항공용 전기-기계식 엑츄에이터(서보모터) 개발 전문회사로서 ""한국에 본사를 둔 Global Aviation Servo Company""라는 회사 비젼을 임직원 모두 공유하고 노력하고 있습니다.
기계공학 경험과 지식을 바탕으로 항공용 전기-기계식 엑츄에이터(서보모터) 개발에 다양한 아이디어를 발굴하고 실무에 적용, 그 과정에서 성공도/실패도 함께 공유할 구성원을 찾습니다.
항공분야 경험이 부족 또는 없을 경우 적절한 기술적 지원이 병행될 예정이므로 용기 내서 지원해주시기 바랍니다.
무엇보다 아래 자격요건 꼼꼼히 읽어보시고, 저희와 생각이 비슷하다 생각되시면 부담 없이 문을 두들겨주십시오.
한 사람이 모든 분야를 다 경험했거나/잘 할 수는 없습니다. 부족한 부분은 전문교육 및 협업으로 채워나갈 수 있습니다.

[자격요건]
ㆍ비행기를 좋아하는 사람
ㆍ""해보니까되더라.""가 아닌 Science/Physics 기반으로 제대로 개발하고픈 사람
ㆍ한국의 Practice가 아닌, 미국 FAA, 유럽 EASA 개발 규정에 맞춰 항공용 부품을 제대로 개발하고픈 사람
ㆍ본인의 경쟁력이 곧 Global 경쟁력이 되기를 희망하는 사람
ㆍ""It's OK, You've got permission to fail.""의 의미를 이해하는 사람
ㆍ세계 1등 항공용 서보개발에 일조하고픈 사람
ㆍ영어 가능자 우대하지만, 학습과 도전에 두려움이 없는 사람",https://work.mma.go.kr/caisBYIS/search/cygonggogeomsaekView.do?menu_id=&searchCondition=&searchKeyword=&pageUnit=10&pageIndex=1&cygonggo_no=2000001070494&jbc_cd=&byjjeopche_cd=220240156&eopjong_gbcd=2&gegyumo_cd=&eopche_nm=&sido_addr=&sigungu_addr=&jeonjik_yn=&yeokjong_brcd=&cyjemok_nm=&eopjong_gbcd_list=,military,2025-06-09 22:17:21,new
(주)컨트로맥스 기업부설연구소,Mechanical Engineer (Junior/ Intermediate),2025-06-09,2025-08-08,현역,대학교 졸업(4년) 이상,신입/경력,대전광역시 유성구 지족동 은구비남로7번길48-37 (지족동),"서보모터 시험장치 설계개발, 기계/전기/전자 3D Modeling, Integration, Interface Check, BOM/기술자료 형상관리","저희 Contromax는 국내/외 항공기 및 항공기 구성품 개발 경력자들로 구성된 항공용 전기-기계식 엑츄에이터(서보모터) 개발 전문회사로서 ""한국에 본사를 둔 Global Aviation Servo Company""라는 회사 비젼을 임직원 모두 공유하고 노력하고 있습니다.
기계공학 경험과 지식을 바탕으로 항공용 전기-기계식 엑츄에이터(서보모터) 개발에 다양한 아이디어를 발굴하고 실무에 적용, 그 과정에서 성공도/실패도 함께 공유할 구성원을 찾습니다.
항공분야 경험이 부족 또는 없을 경우 적절한 기술적 지원이 병행될 예정이므로 용기 내서 지원해주시기 바랍니다.
무엇보다 아래 자격요건 꼼꼼히 읽어보시고, 저희와 생각이 비슷하다 생각되시면 부담 없이 문을 두들겨주십시오.
한 사람이 모든 분야를 다 경험했거나/잘 할 수는 없습니다. 부족한 부분은 전문교육 및 협업으로 채워나갈 수 있습니다.

[자격요건]
ㆍ비행기를 좋아하는 사람
ㆍ""해보니까되더라.""가 아닌 Science/Physics 기반으로 제대로 개발하고픈 사람
ㆍ한국의 Practice가 아닌, 미국 FAA, 유럽 EASA 개발 규정에 맞춰 항공용 부품을 제대로 개발하고픈 사람
ㆍ본인의 경쟁력이 곧 Global 경쟁력이 되기를 희망하는 사람
ㆍ""It's OK, You've got permission to fail.""의 의미를 이해하는 사람
ㆍ세계 1등 항공용 서보개발에 일조하고픈 사람
ㆍ영어 가능자 우대하지만, 학습과 도전에 두려움이 없는 사람",https://work.mma.go.kr/caisBYIS/search/cygonggogeomsaekView.do?menu_id=&searchCondition=&searchKeyword=&pageUnit=10&pageIndex=1&cygonggo_no=2000001070493&jbc_cd=&byjjeopche_cd=220240156&eopjong_gbcd=2&gegyumo_cd=&eopche_nm=&sido_addr=&sigungu_addr=&jeonjik_yn=&yeokjong_brcd=&cyjemok_nm=&eopjong_gbcd_list=,military,2025-06-09 22:17:21,new
오픈메이트 Map insight R&D center,AI데이터 분석 연구원 채용(전직자 우대),2025-06-09,2025-06-30,현역,석사 이상,경력 (1년이상),"서울특별시 중구 서소문로89, 순화빌딩 302호 오픈메이트 (순화동)",AI·LLM·공간데이터 분석 기업 공간 데이터 기반 모델링 / 분석 Python 기반 데이터 엔지니어 / AI 리서처 GPT/LLM 기,,https://work.mma.go.kr/caisBYIS/search/cygonggogeomsaekView.do?menu_id=&searchCondition=&searchKeyword=&pageUnit=10&pageIndex=2&cygonggo_no=2000001070491&jbc_cd=&byjjeopche_cd=220130130&eopjong_gbcd=2&gegyumo_cd=&eopche_nm=&sido_addr=&sigungu_addr=&jeonjik_yn=&yeokjong_brcd=&cyjemok_nm=&eopjong_gbcd_list=,military,2025-06-09 22:17:21,new
(주)엘앤씨바이오 기업부설연구소,[L&C BIO] 기업 부설 연구소 전문 연구 요원 채용,2025-06-05,2025-06-30,현역,석사 이상,신입,서울특별시 서초구 나루터로82 3층 (잠원동),생체 재료 또는 고분자 기반의 의료기기 개발,"※ 담당 업무 관련 전공
- 생체 재료, 고분자, 재료 공학, 조직 공학

※ 아래 업무 중 하나 이상의 경험자 또는 전공자 우대
- 생체 고분자 기반 연구 개발
- 생체 조직에서 콜라겐 추출 및 정제 연구 개발
- 고분자 기반 연조직 접합체 연구 개발
- 생체 유래 고분자 또는 흡수성 고분자 합성 및 연구 개발

※ 복리 후생
1. 단체 활동비 (동호회비) 지원
2. 패밀리 데이 (월 1회)
3. 중식 지원
4. 주택 자금 지원
5. 자녀 학자금 지원
6. 포상 제도 (장기 근속, 내부 추천 포상금, 우수 사원 포상)
7. 기념일 (생일, 결혼기념일) 지원
8. 복지 포인트 지급
9. 경조사비 지원",https://work.mma.go.kr/caisBYIS/search/cygonggogeomsaekView.do?menu_id=&searchCondition=&searchKeyword=&pageUnit=10&pageIndex=2&cygonggo_no=2000001067889&jbc_cd=&byjjeopche_cd=220240187&eopjong_gbcd=2&gegyumo_cd=&eopche_nm=&sido_addr=&sigungu_addr=&jeonjik_yn=&yeokjong_brcd=&cyjemok_nm=&eopjong_gbcd_list=,military,2025-06-09 22:17:21,new
(주)올포랜드 스마트공간융합연구소,스마트공간융합연구소 AI개발자 전문연구요원 모집,2025-06-05,2025-06-30,현역,석사 이상,신입/경력,서울특별시 강서구 마곡중앙8로7길57 마곡아이파크디어반 A동 503호(마곡동),"LLM 기반 RAG 시스템 개발, GPS 기반 공간데이터 처리 알고리즘 개발, 3D Reconstruction 기술 연구 및 개발",,https://work.mma.go.kr/caisBYIS/search/cygonggogeomsaekView.do?menu_id=&searchCondition=&searchKeyword=&pageUnit=10&pageIndex=2&cygonggo_no=2000001067690&jbc_cd=&byjjeopche_cd=220160279&eopjong_gbcd=2&gegyumo_cd=&eopche_nm=&sido_addr=&sigungu_addr=&jeonjik_yn=&yeokjong_brcd=&cyjemok_nm=&eopjong_gbcd_list=,military,2025-06-09 22:17:21,new
(주)마크베이스 기업부설연구소,프론트엔드 개발 전문연구요원 채용,2025-06-02,2025-07-22,보충역,석사,신입/경력,서울특별시 강남구 테헤란로20길10 쓰리엠타워 9층 (역삼동),프론트엔드 개발,"▶담당 업무

- 프론트엔드 개발

▶자격 요건
- react, typescript를 이용한 프론트엔드 개발 경험
- rest api에 대한 이해 및 사용 경험
- 클라이언트 측 상태 관리 라이브러리 활용 경험

▶우대 요건
- jest 기반 unit test, cypress 등의 e2e test 경험 우대
- echarts, highcharts 등의 차트 관련 library 사용 경험 우대
- 레거시 코드 유지보수 및 최적화 경험이 있음
- 경력 2년이상 우대
- [병특] 전문연구요원 우대",https://work.mma.go.kr/caisBYIS/search/cygonggogeomsaekView.do?menu_id=&searchCondition=&searchKeyword=&pageUnit=10&pageIndex=2&cygonggo_no=2000001065090&jbc_cd=&byjjeopche_cd=220200264&eopjong_gbcd=2&gegyumo_cd=&eopche_nm=&sido_addr=&sigungu_addr=&jeonjik_yn=&yeokjong_brcd=&cyjemok_nm=&eopjong_gbcd_list=,military,2025-06-09 22:17:21,new
(주)노타 기업부설연구소,[전문연구요원] AI Software Engineer (XPU Enabler),2025-06-02,2025-06-30,현역,석사,신입/경력,서울특별시 강남구 테헤란로521 파르나스타워 16층 노타 (삼성동),연구개발,"안녕하세요, 주식회사 노타입니다.
병역일터를 통해 이력서를 제출해 주시면, 검토 후에 연락을 드리겠습니다.

주요 업무
- NPU에 최적화된 LLM 모델의 엣지 디바이스에서의 정확도/메모리/지연시간 프로파일링 및 모델을 구동하는 파이프라인 개발

자격요건
- 아래 자격요건 관련한 분야에서 2년 이상의 경력이 있으신 분
- NPU에서 AI 모델을 가속화한 경험이 있으신 분
- 엣지 디바이스에서 AI 모델의 추론을 포함한 어플리케이션을 C++로 개발한 경험이 있으신 분
- LLM 모델의 입출력, 캐싱, 디코딩 알고리즘을 이해하고 있으신 분
- 해외 여행에 결격 사유가 없는 분

우대사항
- LLM에 대한 양자화를 이해하고 실제 구현 및 수행해 본 경험이 있는 분
- 다양한 AI 모델을 수정하여 정적 그래프 형태(jit, onnx)로 추출가능하도록 해본 경험이 다수 있으신 분
- Executorch을 활용하여 모델 quantization/compile/inference에 대한 경험이 있는 분",https://work.mma.go.kr/caisBYIS/search/cygonggogeomsaekView.do?menu_id=&searchCondition=&searchKeyword=&pageUnit=10&pageIndex=2&cygonggo_no=2000001064293&jbc_cd=&byjjeopche_cd=220200165&eopjong_gbcd=2&gegyumo_cd=&eopche_nm=&sido_addr=&sigungu_addr=&jeonjik_yn=&yeokjong_brcd=&cyjemok_nm=&eopjong_gbcd_list=,military,2025-06-09 22:17:21,new
(주)에이치엠이스퀘어 기업부설연구소,전문연구요원 모집 (AI),2025-06-02,2025-07-31,현역,석사 이상,신입,"경기도 용인시 수지구 광교중앙로338, B동 209호,210호,211호,212호, 711호 (상현동)","머신러닝 알고리즘 개발, 센서신호 데이터의 분석 및 전처리 기술 개발","(주)에이치엠이스퀘어는 디지텔 헬스케어 회사로서 비침습 혈당측정기 개발을 진행하고 있습니다.
현재 센서 데이터를 이용한 혈당 측정 정확도를 개선하고 알고리즘을 고도화하는 업무에 참여할 인공지능 전문가를 찾고 있습니다.

[담당 업무]
* 머신러닝 개발 직무
- 머신러닝 알고리즘 고도화
- 센서신호 데이터의 분석 및 전처리 기술 개발
- 머신러닝 알고리즘 경량화 및 암호화를 위한 협업

[근무지]
* 경기도 용인시 수지구 소재 연구소 (병역지정업체)",https://work.mma.go.kr/caisBYIS/search/cygonggogeomsaekView.do?menu_id=&searchCondition=&searchKeyword=&pageUnit=10&pageIndex=2&cygonggo_no=2000001064292&jbc_cd=&byjjeopche_cd=220250168&eopjong_gbcd=2&gegyumo_cd=&eopche_nm=&sido_addr=&sigungu_addr=&jeonjik_yn=&yeokjong_brcd=&cyjemok_nm=&eopjong_gbcd_list=,military,2025-06-09 22:17:21,new
(주)에이치엠이스퀘어 기업부설연구소,"전문연구요원 모집 (광학/측정, 광학설계)",2025-06-02,2025-06-30,현역,석사 이상,신입,"경기도 용인시 수지구 광교중앙로338, B동 209호,210호,211호,212호, 711호 (상현동)","(연구개발) 광학설계, 광학측정","(주)에이치엠이스퀘어는 비침습 혈당측정기술을 이용하여 의료기기를 개발하는 업체입니다.
현재 개인용 휴대형 의료기기의 광학 설계 및 개발을 담당할 수 있는 전문가를 찾고 있습니다.

[담당업무]
* 휴대형 전자기기(의료기기) 신제품 개발
- 레이저 광학계 설계 및 기술개발
- 광학특성 평가 및 분석",https://work.mma.go.kr/caisBYIS/search/cygonggogeomsaekView.do?menu_id=&searchCondition=&searchKeyword=&pageUnit=10&pageIndex=2&cygonggo_no=2000001064291&jbc_cd=&byjjeopche_cd=220250168&eopjong_gbcd=2&gegyumo_cd=&eopche_nm=&sido_addr=&sigungu_addr=&jeonjik_yn=&yeokjong_brcd=&cyjemok_nm=&eopjong_gbcd_list=,military,2025-06-09 22:17:21,new
(주)에이아이비즈 인공지능R&D센터,[AIBIZ] AI 연구 개발자,2025-06-02,2025-06-30,현역,석사 이상,신입/경력,"서울특별시 동작구 상도로369, 숭실대학교 벤처중소기업센터 210호, 312호 (상도동)",산업용 AI 솔루션 개발,"1. 주요 담당 업무
* 산업용 AI 솔루션 개발: 이상탐지 및 불량원인 추적 AI 솔루션
1) Data Analyst
- 수집된 이상탐지 및 불량원인 추적 AI 알고리즘 제안
2) Data Scientist
- Data 분석 결과를 알고리즘으로 변화 및 비즈니스 조직 구현 및 알고리즘 설계
3) 상세 업무
- 최신 AI 모델의 설계 및 개발
- 컴퓨터 분석 및 모델 성능 최적화
- AI 솔루션의 테스트 및 검증
- 고객 요구에 맞춘 맞춤형 AI 솔루션 개발
- 시계열 데이터 분석

2. 자격 요건
1) 학력: 석사 또는 박사
- AI, 컴퓨터 공학, 전산학 또는 관련 분야 석사 이상 학위 소지자
2) 기타
- AI 모델 개발 및 데이터 분석 경험
- Python, TensorFlow, PyTorch 등 AI 관련 프로그래밍 언어 및 도구에 대한 숙련도
- 문제 해결 능력 및 창의적 사고

3. 급여 조건(연봉 기준)
- 석사 4,000 만원
- 박사 5,000 만원

4. 우대 사항
1) 인공지능분야/상업공학/통계 분야 sci급 저널 논문 제출자
2) ADP (빅데이터분석기사) 자격증 소지자

5. 복리후생
- 회사 전용 카페 이용 지원
- 연차 / 휴가 자유로운 사용",https://work.mma.go.kr/caisBYIS/search/cygonggogeomsaekView.do?menu_id=&searchCondition=&searchKeyword=&pageUnit=10&pageIndex=2&cygonggo_no=2000001063490&jbc_cd=&byjjeopche_cd=220240036&eopjong_gbcd=2&gegyumo_cd=&eopche_nm=&sido_addr=&sigungu_addr=&jeonjik_yn=&yeokjong_brcd=&cyjemok_nm=&eopjong_gbcd_list=,military,2025-06-09 22:17:21,new
(주)캠시스 CM연구소,㈜캠시스 CM연구소 프로세스 엔지니어 채용,2025-05-29,2025-06-30,현역,석사 이상,신입/경력,인천광역시 연수구 벤처로100번길26 2층 (송도동),1) 개발 모델 설비 셋업 및 SPL 제작 2) 원/부자재 이원화 검토 3) 개발 단계별 불량 분석 및 개선 진행 등,"1. 담당업무
1) 개발 모델 설비 셋업 및 SPL 제작
2) 원/부자재 이원화 검토
3) 개발 단계별 불량 분석 및 개선 진행
4) 공정 개선 및 원가 절감 Item 검토
5) 신규 설비 공정 검토

2. 지원자격
1) 전기/전자/기계/산업공학 관련 전공

3. 우대사항
1) Auto-CAD / 3D
2) 영어, 베트남어, 중국어 가능자

4. 급여
신입 : 3,700만원
경력 : 4,000만원",https://work.mma.go.kr/caisBYIS/search/cygonggogeomsaekView.do?menu_id=&searchCondition=&searchKeyword=&pageUnit=10&pageIndex=2&cygonggo_no=2000001062091&jbc_cd=&byjjeopche_cd=220250036&eopjong_gbcd=2&gegyumo_cd=&eopche_nm=&sido_addr=&sigungu_addr=&jeonjik_yn=&yeokjong_brcd=&cyjemok_nm=&eopjong_gbcd_list=,military,2025-06-09 22:17:21,new
(주)캠시스 CM연구소,㈜캠시스 CM연구소 HW 엔지니어 채용,2025-05-29,2025-06-30,현역,석사 이상,신입/경력,인천광역시 연수구 벤처로100번길26 2층 (송도동),"1)자동화 설비 개발 2)VHDL, Verilog 개발 3)회로 설계 개발","1. 담당업무
1) 자동화 설비 개발
2) VHDL, Verilog 개발
3) 회로설계 개발

2. 자격요건
1) Logic (Vivado tool & Xilinx) 개발 경험 보유자
2) VHDL & Verilog 개발 경험 보유자
3) Orcad & PADs 회로설계 경험 보유자
4) 해외 출장 가능자

3. 우대사항(필수사항 아님)
1) 카메라 모듈 자동화 간접 경험 보유자
2) MiPi CSI D&C Phy Logic 개발 관련 경험 보유자
3) Digital Signal Processing 개발 관련 경험 보유자
4) 각종 통신 인터페이스 관련 경험 보유자

4. 급여
신입 : 3,700만원
경력 : 4,000만원",https://work.mma.go.kr/caisBYIS/search/cygonggogeomsaekView.do?menu_id=&searchCondition=&searchKeyword=&pageUnit=10&pageIndex=2&cygonggo_no=2000001062090&jbc_cd=&byjjeopche_cd=220250036&eopjong_gbcd=2&gegyumo_cd=&eopche_nm=&sido_addr=&sigungu_addr=&jeonjik_yn=&yeokjong_brcd=&cyjemok_nm=&eopjong_gbcd_list=,military,2025-06-09 22:17:21,new
(주)캠시스 CM연구소,㈜캠시스 CM연구소 SW 엔지니어 채용,2025-05-29,2025-06-30,현역,석사 이상,신입/경력,인천광역시 연수구 벤처로100번길26 2층 (송도동),"1)자동화 설비 모션제어(PC) 개발 2)MFC,C++,C# 이용한 SW 개발 3)모션제어기(AJIN,WMX 등) 이용 SW 개발 등","1. 담당업무
1) 자동화 설비 모션제어(PC) 개발
2) MFC, C++, C# 이용한 SW 개발
3) 모션제어기 (AJIN, WMX 등) 이용 SW 개발
4) 비젼 알고리즘 개발
5) 영상 처리를 통한 검사 알고리즘 개발
6) 비젼 알고리즘 플랫폼 개발

2. 자격요건
1) 자동화 설비 PC 제어 관련 전공자
2) MFC / Visual C++ , C# 사용 가능자
3) VC++, C# 개발 전공자
4) OpenCV, Halcon, IPP 사용 가능자
5) 머신비젼 관련 개발 전공자
6) 해외 출장 가능자

3. 우대사항(필수사항 아님)
1) 카메라 모듈 자동화 간접 경험 보유자
2) C++, C#, MFC, TCP/IP, Serial 통신 관련 경험 보유자
3) 소켓(TCP/IP) 통신, 시리얼통신 관련 경험 보유자
4) 자동화 장비 및 제어 개발 관련 경험 보유자

4. 급여
신입 : 4,000만원
경력 : 4,500만원",https://work.mma.go.kr/caisBYIS/search/cygonggogeomsaekView.do?menu_id=&searchCondition=&searchKeyword=&pageUnit=10&pageIndex=3&cygonggo_no=2000001062089&jbc_cd=&byjjeopche_cd=220250036&eopjong_gbcd=2&gegyumo_cd=&eopche_nm=&sido_addr=&sigungu_addr=&jeonjik_yn=&yeokjong_brcd=&cyjemok_nm=&eopjong_gbcd_list=,military,2025-06-09 22:17:21,new
(주)엠젠솔루션 기술연구소,[엠젠솔루션/구로디지털단지] AI융합연구소 Web Front/Back 개발자 (전문연구요원) 채용,2025-05-29,2025-06-30,현역,석사,신입/경력,"서울특별시 구로구 디지털로34길55 1208호 (구로동, 코오롱싸이언스밸리2차)","AI, 관제 모니터링 자사솔루션 개발 및 유지관리: GIS, 대시보드, 통계, 상태관리 모니터링 등","[모집분야] Web솔루션 개발자 (신입/경력 무관)
※경력직은 경력직 연봉 적용.

[담당업무]
-AI, 관제 모니터링 자사솔루션 개발 및 유지관리
: GIS, 대시보드, 통계, 상태관리 모니터링 등

[기술스택]
: [Front] React / JavaScript / TypeScript / HTML / CSS
[Back] Node.js

[우대사항]
- webpack, vite 등 번들링 툴 사용 경험
- zustand, tanstack-query 등 상태관리 라이브러리 활용 경험
- RESTFul API, Websocket 등 데이터 통신 처리 경험
- CSS를 활용한 스타일링 경험
- Git, Git Hub를 통한 협업 경험
- Docker 사용경험
- leaflet 등의 지도를 이용한 프로젝트 경험
- 실시간 영상 관련 프로젝트 경험
- 경력 3년 이상 우대

[채용절차]
서류전형(병역일터 이력서 지원 또는 상담 기재된 이메일로 개인이력서 접수) - 면접전형(실무, 임원) - 최종합격",https://work.mma.go.kr/caisBYIS/search/cygonggogeomsaekView.do?menu_id=&searchCondition=&searchKeyword=&pageUnit=10&pageIndex=3&cygonggo_no=2000001061893&jbc_cd=&byjjeopche_cd=220250208&eopjong_gbcd=2&gegyumo_cd=&eopche_nm=&sido_addr=&sigungu_addr=&jeonjik_yn=&yeokjong_brcd=&cyjemok_nm=&eopjong_gbcd_list=,military,2025-06-09 22:17:21,new
(주)브레인유 기업부설연구소,[전문연구요원 채용] [경기] HW Engineer 채용,2025-05-24,2025-07-27,현역,석사 이상,신입/경력,"경기도 성남시 분당구 야탑로105번길 7, 한주빌딩 3층 (야탑동)","의료기기 및 헬스케어 기기 하드웨어 설계, 폄웨어 프로그래밍","○담당업무
ㆍ의료기기 및 헬스케어 기기 하드웨어 설계, 폄웨어 프로그래밍
ㆍ국책과제 및 정부지원사업 수행

○핵심역량
ㆍ아날로그 / 디지탈 하드웨어 설계
ㆍ제품 인허가 시험 진행 및 업무 지원
ㆍ원활한 소통, 열린 사고

○우대사항
ㆍ전자/전기/기계과 등 관련 학과 학위 우대
ㆍ유관업무 경력자 (1년 이상)
ㆍ회로, 펌웨어 및 PCB 개발 가능하거나 준하는 경험이 있으신 분
ㆍ직무관련 대외활동 보유자",https://work.mma.go.kr/caisBYIS/search/cygonggogeomsaekView.do?menu_id=&searchCondition=&searchKeyword=&pageUnit=10&pageIndex=3&cygonggo_no=2000001054089&jbc_cd=&byjjeopche_cd=220250157&eopjong_gbcd=2&gegyumo_cd=&eopche_nm=&sido_addr=&sigungu_addr=&jeonjik_yn=&yeokjong_brcd=&cyjemok_nm=&eopjong_gbcd_list=,military,2025-06-09 22:17:21,new
(주)케이에프엠 KERN 중앙 연구소,(주)케이에프엠 전문연구요원 모집,2025-05-28,2025-06-27,기타,대학교 졸업(4년) 이상,신입/경력,충청남도 예산군 삽교읍 산단2길 166,"신제품개발, 제품분석, 제품평가, 기타 부대업무",,https://work.mma.go.kr/caisBYIS/search/cygonggogeomsaekView.do?menu_id=&searchCondition=&searchKeyword=&pageUnit=10&pageIndex=3&cygonggo_no=2000001059291&jbc_cd=&byjjeopche_cd=220200212&eopjong_gbcd=2&gegyumo_cd=&eopche_nm=&sido_addr=&sigungu_addr=&jeonjik_yn=&yeokjong_brcd=&cyjemok_nm=&eopjong_gbcd_list=,military,2025-06-09 22:17:21,new
(주)에임드바이오 R&D센터,(서울) 전문연구요원(보충역)_채용_에임드바이오,2025-05-27,2025-06-30,보충역,석사 이상,신입/경력,"서울특별시 송파구 정의로67, 10층, 11층 (문정동, MK타워)",면역 항암제 / 면역 질환 치료제 신규 Pipeline 개발,"에임드바이오는 2018년 삼성서울병원에서 스핀오프하여 설립된 신약 개발 기업으로,
암을 포함한 난치성 뇌 질환 환자들에게 혁신적인 치료 솔루션을 제공합니다.

삼성서울병원의 강력한 글로벌 네트워크와 우수한 연구진, 그리고 독자적인 약물 개발 플랫폼을 기반으로,
항체 기반 치료제와 항체-약물 접합체(ADC), 이중 특이성 항체 등 차세대 바이오 신약을 개발하고 있습니다.

특히, 환자 유래 세포 기반의 항체 발견 기술과 전이 연구에 대한 깊은 전문성을 바탕으로, 암 치료제 개발의 최전선에 있습니다.
최근에는 미국 Biohaven과의 글로벌 라이선스 아웃 계약을 통해 FGFR3 항체-약물접합체(AMB302, BHV-1530)의 개발 및
상업화 독점권을 확보하며 국제적인 경쟁력을 입증했습니다.
또한, 에임드바이오는 혁신적인 링커-페이로드 기술 개발에 집중하여 ADC의 효능과 안전성을 지속적으로 개선하고 있습니다.
이러한 노력은 치료 효과 극대화와 환자 안전성 강화라는 궁극적인 목표로 이어집니다.
유한양행, 삼성생명공익재단, 인터베스트, DS자산운용, 민트벤처 등으로부터의
대규모 투자 유치는 에임드바이오의 성장 가능성과 미래 비전을 보여줍니다.
에임드바이오는 난치성 질환 치료의 혁신을 이끌어갈 인재를 기다립니다.

○ 면역 항암제 / 면역 질환 치료제 신규 Pipeline 개발

- 담당업무
1. 면역항암제/면역질환치료제 효능 평가 및 기전 연구
2. 신규 파이프라인 발굴을 위한 신규 타겟 기전 연구
3. 신규 후보 물질에 대한 생물학적, 면역학적 특성 분석 및 평가법 구축
4. 항체치료제 약효평가

자격 : 생물학/생명과학/면역학/분자 생물학 박사(졸업 예정자)",https://work.mma.go.kr/caisBYIS/search/cygonggogeomsaekView.do?menu_id=&searchCondition=&searchKeyword=&pageUnit=10&pageIndex=3&cygonggo_no=2000001058291&jbc_cd=&byjjeopche_cd=220200341&eopjong_gbcd=2&gegyumo_cd=&eopche_nm=&sido_addr=&sigungu_addr=&jeonjik_yn=&yeokjong_brcd=&cyjemok_nm=&eopjong_gbcd_list=,military,2025-06-09 22:17:21,new
(주)매드업 기업부설연구소,[매드업] 백엔드 개발자 전문연구요원 채용 (신입/경력) (~6/13),2025-05-27,2025-06-13,현역,석사 이상,신입/경력,"서울특별시 강남구 강남대로94길10 패스트파이브 강남4호점, 9층 (902호) (역삼동)",백엔드 개발자,"[매드업 테크사업부]

테크사업부는 디지털 마케팅 자동화 솔루션 레버 엑스퍼트Lever Xpert를 비롯하여 기술 기반의 디지털 마케팅 자동화 및 최적화 과정에서 필요한 프로덕트들을 개발합니다. 개발자 뿐만 아니라, 프로덕트 오너(PO), 프로덕트 디자이너(PD) 모두가 담당 프로덕트에 오너십을 가지고 긴밀하게 협업하고 있습니다.

- 레버 엑스퍼트Lever Xpert는 마케터들을 위한 SaaS 기반의 디지털 마케팅 자동화 솔루션입니다. 매체별 소재 세팅, 리포트 제작 등의 반복 업무를 자동화함으로써 마케터가 인사이트 도출 및 전략 설계에 집중할 수 있도록 합니다.
- 프리즘Prism은 데이터 드리븐 마케팅의 핵심이 되는 DMP(데이터 관리 플랫폼)입니다. 다양한 매체로부터 광고 성과 및 데이터들을 통합하여 수집하고, 적재하는 역할을 담당합니다.


[포지션 소개]

주요업무
- 레버 솔루션 개발 및 운영 (FastAPI, SQLAlchemy, Docker, Gunicorn)
- 광고 데이터 ETL
- 광고 운영 자동화 및 최적화를 위한 비동기 서비스 개발
- 구글, 페이스북, 네이버, 카카오 등 관고 매체 API 연동 개발
- Data pipeline / DL, DW, DM 구축

자격 요건
- Python 개발 경험이 있으신 분
- Python 기반 서버 개발 운영 경험 (Flaxk, Django, FastAPI)이 있으신 분
- AWS 활용 경험 및 클라우드 기술 스택에 관심이 많으신 분
- 책임감이 강하고, 주도적으로 자기 업무를 수행 하시는 분


[채용 절차]
서류 전형 > 온라인 코딩 테스트 > 1차, 2차 인터뷰 > 처우 협의 및 채용 확정

서류 지원 및 자세한 내용은 아래 홈페이지에서 확인 부탁드립니다.
> https://recruit.madup.com/5719637e-9b08-4b3b-8f7b-57d3f9ef9f51",https://work.mma.go.kr/caisBYIS/search/cygonggogeomsaekView.do?menu_id=&searchCondition=&searchKeyword=&pageUnit=10&pageIndex=3&cygonggo_no=2000001057896&jbc_cd=&byjjeopche_cd=220200360&eopjong_gbcd=2&gegyumo_cd=&eopche_nm=&sido_addr=&sigungu_addr=&jeonjik_yn=&yeokjong_brcd=&cyjemok_nm=&eopjong_gbcd_list=,military,2025-06-09 22:17:21,new
(주)매드업 기업부설연구소,[매드업] 백엔드 개발자 전문연구요원 채용 (신입/경력) (~6/13),2025-05-27,2025-06-13,보충역,석사 이상,신입/경력,"서울특별시 강남구 강남대로94길10 패스트파이브 강남4호점, 9층 (902호) (역삼동)",백엔드 개발자,"[매드업 테크사업부]

테크사업부는 디지털 마케팅 자동화 솔루션 레버 엑스퍼트Lever Xpert를 비롯하여 기술 기반의 디지털 마케팅 자동화 및 최적화 과정에서 필요한 프로덕트들을 개발합니다. 개발자 뿐만 아니라, 프로덕트 오너(PO), 프로덕트 디자이너(PD) 모두가 담당 프로덕트에 오너십을 가지고 긴밀하게 협업하고 있습니다.

- 레버 엑스퍼트Lever Xpert는 마케터들을 위한 SaaS 기반의 디지털 마케팅 자동화 솔루션입니다. 매체별 소재 세팅, 리포트 제작 등의 반복 업무를 자동화함으로써 마케터가 인사이트 도출 및 전략 설계에 집중할 수 있도록 합니다.
- 프리즘Prism은 데이터 드리븐 마케팅의 핵심이 되는 DMP(데이터 관리 플랫폼)입니다. 다양한 매체로부터 광고 성과 및 데이터들을 통합하여 수집하고, 적재하는 역할을 담당합니다.


[포지션 소개]

주요업무
- 레버 솔루션 개발 및 운영 (FastAPI, SQLAlchemy, Docker, Gunicorn)
- 광고 데이터 ETL
- 광고 운영 자동화 및 최적화를 위한 비동기 서비스 개발
- 구글, 페이스북, 네이버, 카카오 등 관고 매체 API 연동 개발
- Data pipeline / DL, DW, DM 구축

자격 요건
- Python 개발 경험이 있으신 분
- Python 기반 서버 개발 운영 경험 (Flaxk, Django, FastAPI)이 있으신 분
- AWS 활용 경험 및 클라우드 기술 스택에 관심이 많으신 분
- 책임감이 강하고, 주도적으로 자기 업무를 수행 하시는 분


[채용 절차]
서류 전형 > 온라인 코딩 테스트 > 1차, 2차 인터뷰 > 처우 협의 및 채용 확정

서류 지원 및 자세한 내용은 아래 홈페이지에서 확인 부탁드립니다.
> https://recruit.madup.com/5719637e-9b08-4b3b-8f7b-57d3f9ef9f51",https://work.mma.go.kr/caisBYIS/search/cygonggogeomsaekView.do?menu_id=&searchCondition=&searchKeyword=&pageUnit=10&pageIndex=3&cygonggo_no=2000001057895&jbc_cd=&byjjeopche_cd=220200360&eopjong_gbcd=2&gegyumo_cd=&eopche_nm=&sido_addr=&sigungu_addr=&jeonjik_yn=&yeokjong_brcd=&cyjemok_nm=&eopjong_gbcd_list=,military,2025-06-09 22:17:21,new
(주)에임드바이오 R&D센터,전문연구요원 (전직 희망자) 를 채용하고자 합니다.,2025-05-27,2025-06-30,현역,석사 이상,신입/경력,"서울특별시 송파구 정의로67, 10층, 11층 (문정동, MK타워)",항암제 신규 Pipeline 개발,"에임드바이오는 2018년 삼성서울병원에서 스핀오프하여 설립된 신약 개발 기업으로,
암을 포함한 난치성 뇌 질환 환자들에게 혁신적인 치료 솔루션을 제공합니다.

삼성서울병원의 강력한 글로벌 네트워크와 우수한 연구진, 그리고 독자적인 약물 개발 플랫폼을 기반으로,
항체 기반 치료제와 항체-약물 접합체(ADC), 이중 특이성 항체 등 차세대 바이오 신약을 개발하고 있습니다.

특히, 환자 유래 세포 기반의 항체 발견 기술과 전이 연구에 대한 깊은 전문성을 바탕으로, 암 치료제 개발의 최전선에 있습니다.
최근에는 미국 Biohaven과의 글로벌 라이선스 아웃 계약을 통해 FGFR3 항체-약물접합체(AMB302, BHV-1530)의 개발 및
상업화 독점권을 확보하며 국제적인 경쟁력을 입증했습니다.
또한, 에임드바이오는 혁신적인 링커-페이로드 기술 개발에 집중하여 ADC의 효능과 안전성을 지속적으로 개선하고 있습니다.
이러한 노력은 치료 효과 극대화와 환자 안전성 강화라는 궁극적인 목표로 이어집니다.
유한양행, 삼성생명공익재단, 인터베스트, DS자산운용, 민트벤처 등으로부터의
대규모 투자 유치는 에임드바이오의 성장 가능성과 미래 비전을 보여줍니다.
에임드바이오는 난치성 질환 치료의 혁신을 이끌어갈 인재를 기다립니다.

○ 면역 항암제 / 면역 질환 치료제 신규 Pipeline 개발

- 담당업무
1. 면역항암제/면역질환치료제 효능 평가 및 기전 연구
2. 신규 파이프라인 발굴을 위한 신규 타겟 기전 연구
3. 신규 후보 물질에 대한 생물학적, 면역학적 특성 분석 및 평가법 구축
4. 항체치료제 약효평가

자격 : 생물학/생명과학/면역학/분자 생물학 박사(졸업 예정자)",https://work.mma.go.kr/caisBYIS/search/cygonggogeomsaekView.do?menu_id=&searchCondition=&searchKeyword=&pageUnit=10&pageIndex=3&cygonggo_no=2000001058092&jbc_cd=&byjjeopche_cd=220200341&eopjong_gbcd=2&gegyumo_cd=&eopche_nm=&sido_addr=&sigungu_addr=&jeonjik_yn=&yeokjong_brcd=&cyjemok_nm=&eopjong_gbcd_list=,military,2025-06-09 22:17:21,new
(주)디엠테크컨설팅 R&D센터,"스마트제조 솔루션, 탄소플랫폼 및 인공지능 개발 전문연구요원 채용",2025-05-27,2025-06-30,현역,석사,신입/경력,"강원특별자치도 원주시 입춘로45, B동 507~508호","스마트제조 솔루션, 탄소플랫폼 및 인공지능 개발",,https://work.mma.go.kr/caisBYIS/search/cygonggogeomsaekView.do?menu_id=&searchCondition=&searchKeyword=&pageUnit=10&pageIndex=3&cygonggo_no=2000001057089&jbc_cd=&byjjeopche_cd=220250144&eopjong_gbcd=2&gegyumo_cd=&eopche_nm=&sido_addr=&sigungu_addr=&jeonjik_yn=&yeokjong_brcd=&cyjemok_nm=&eopjong_gbcd_list=,military,2025-06-09 22:17:21,new
(주)씨지스플랜기업부설연구소,(주)씨지스플랜과 함께 창조적인 건축구조설계분야를 함께 열어가실 엔지니어분을 모십니다.,2025-05-26,2025-07-25,현역,석사,신입,"경기도 성남시 분당구 판교로 253, C동 601호(삼평동,판교이노밸리)",건축공학관련 연구개발,"(주)씨지스플랜은 구조설계 및 안전진단 연구개발 및 제공업을 하는 회사입니다.
약20명의 직원들로 구성되어 있지만, 많은 설계사.건설사 및 협력사들과 긴밀한 협력관계를 유지하고 있습니다.
그래서 일반건축구조설계 뿐만이 아니라, 사무실을 벗어나서 현장에 맞춘 VE 구조설계,신공법 구조설계, 그리고 현장 구조지원 등 다양한 경험과
기술을 습득할 수 있습니다.
연봉+성과급(인센티브 연2회지급)+중식제공을 하고 있으며, 야간근무 無 주말근무 無 인 일할 맛 나는 회사입니다.
또한 출.퇴근시간 부분 자율제를 시행하고 있습니다.
그리고 매주 수요일 단축근무(조기퇴근제)를 실시하고 있습니다.
판교테크노밸리내에 위치하고 있어서 근무환경도 좋습니다.
(주)씨지스플랜과 함께 창조적인 건축구조설계분야를 함께 열어가실 여러분의 많은 지원 부탁드립니다.",https://work.mma.go.kr/caisBYIS/search/cygonggogeomsaekView.do?menu_id=&searchCondition=&searchKeyword=&pageUnit=10&pageIndex=3&cygonggo_no=2000001055690&jbc_cd=&byjjeopche_cd=220220043&eopjong_gbcd=2&gegyumo_cd=&eopche_nm=&sido_addr=&sigungu_addr=&jeonjik_yn=&yeokjong_brcd=&cyjemok_nm=&eopjong_gbcd_list=,military,2025-06-09 22:17:21,new
(주)중고나라 기업부설연구소,[중고나라] ES 기반 검색 개발자,2025-05-26,2025-06-30,현역,석사 이상,신입,서울특별시 강남구 테헤란로415 4층 (삼성동),ES 활용한 검색 서비스를 설계/개발해요. 대규모 데이터 처리 및 검색 엔진 최적화를 담당해요.,"■ 입사 후 맡게 될 주요 업무에요.
• ElasticSearch를 활용한 검색 서비스를 설계 및 개발해요
• 대규모 데이터 처리 및 검색 엔진 최적화 (Query Tuning, Index Optimization 등) 를 담당해요.
• Java 기반 백엔드 시스템 개발 및 유지보수를 담당해요.
• 검색 관련 API를 설계 및 구현해요.
• 데이터 파이프라인을 설계 및 관리해요. (ETL 포함)
• 검색 품질 향상을 위한 분석 및 개선을 담당해요.

■ 이런 분과 함께하고 싶어요.
• Java 개발 경력이 최소 1년 이상 필요해요.
• ElasticSearch를 활용한 프로젝트 경험이 필요해요.
• RESTful API 설계 및 구현 경험이 필요해요.
• SQL 및 NoSQL 데이터베이스 활용 능력이 필요해요.
• Git을 이용한 협업 및 버전 관리 경험이 필요해요.
• 검색 알고리즘 및 성능 최적화에 대한 이해가 필요해요.

* 본 채용은 전문연구요원 포지션입니다.
- 자연계/이공계 석사학위 이상 소지자 또는 학위 취득 예정자로서 전문연구요원 신규편입 대상자
- 현역 입영 대상자로, 35세까지 의무복무를 마칠 수 있는 분
- 대한민국 병역법에 의거하여 병역의 의무가 없는 여성 및 외국인은 지원이 불가합니다.

■ 이런 경험이 있다면 더 좋아요.
• 대규모 트래픽 환경에서 ElasticSearch를 운영한 경험이 있으면 좋아요.
• Kibana, Logstash 등 Elastic Stack 활용한 경험이 있으면 좋아요.
• AWS, GCP, Azure와 같은 클라우드 환경에서의 개발 경험이 있으면 좋아요.
• Python, Scala 등의 추가 프로그래밍 언어 경험이 있으면 좋아요.
• 데이터 분석 및 머신러닝에 대한 이해가 있으면 좋아요.
• 문제 해결을 위한 분석적 사고와 커뮤니케이션 능력이 있으면 좋아요.",https://work.mma.go.kr/caisBYIS/search/cygonggogeomsaekView.do?menu_id=&searchCondition=&searchKeyword=&pageUnit=10&pageIndex=4&cygonggo_no=2000001054689&jbc_cd=&byjjeopche_cd=220240218&eopjong_gbcd=2&gegyumo_cd=&eopche_nm=&sido_addr=&sigungu_addr=&jeonjik_yn=&yeokjong_brcd=&cyjemok_nm=&eopjong_gbcd_list=,military,2025-06-09 22:17:21,new
(주)78리서치랩 기업부설연구소,(서울강남) 보안 서비스 소프트웨어 엔지니어 Backend/App (전문연구요원) 모집,2025-05-14,2025-06-30,현역,석사 이상,경력 (3년이상),서울특별시 강남구 봉은사로114 6층 (역삼동),"사이버 공격 시뮬레이션 설계·분석, 보안 기술 개선 및 솔루션 통합, AI 기획·연구, 시스템 개선·배포를 수행","필수요건
OS - Ubuntu,Windows
언어 - Python,C++,SQL
DB - PodtgreSQL,Redis
Infra - Docker,GitHub
프레임워크 - FastAPI (python 기반)
협업도구 - Jira,Notion,Slack 등 협업 툴 사용 경험
우대사항
클라우드/인프라 - GCP 활동 경험,온프레미스 환경 구축 경험
서비스 운영 - SaaS 형태의 서비스 개발 및 GCP 기반 클라우드 운영 경험",https://work.mma.go.kr/caisBYIS/search/cygonggogeomsaekView.do?menu_id=&searchCondition=&searchKeyword=&pageUnit=10&pageIndex=4&cygonggo_no=2000001038898&jbc_cd=&byjjeopche_cd=220240046&eopjong_gbcd=2&gegyumo_cd=&eopche_nm=&sido_addr=&sigungu_addr=&jeonjik_yn=&yeokjong_brcd=&cyjemok_nm=&eopjong_gbcd_list=,military,2025-06-09 22:17:21,new
(주)이지트래픽 IT기술연구소,[전문연구요원] 웹 개발자 채용,2025-05-23,2025-06-30,현역,석사 이상,신입/경력,"경기도 안양시 동안구 엘에스로116번길 118, 930호-931호 (호계동)",웹 개발,"[주요업무]
- 웹 개발


[자격요건]
- 컴퓨터 공학 또는 소프트웨어 또는 전산학 전공자
- 웹 프론트엔드, 백엔드 기초 지식 및 개발 경험 보유자


[필수 기술 스택]
1. 프론트엔드 : React.js, Next.js 중 1개 이상
2. 백엔드 : Node.js (Express) 또는 Python 기반 백엔드
3. 데이터베이스 : Oracle, MySQL, PostgreSQL 중 1개 이상
4. 협업 및 개발환경 : Git, Docker, REST API 설계


[우대사항]

1. 교통 및 신호 시스템 관련 경험
- ITS, ATMS, 교통신호제어 시스템 이해
- 영상검지기, 신호제어기 등 장비 연동 경험
- 실시간 데이터 시각화 대시보드 개발 경험
- 지도 기반 API (VWorld, Naver, Leaflet 등) 활용 경험
- WebSocket, RabbitMQ 등 실시간 통신 처리 경험

2. AI 개발 도구 활용 경험
- Cursor, GitHub Copilot, ChatGPT, Code Interpreter, Amazon CodeWhisperer 등 AI 기반 개발 도구 활용 경험
- AI 코딩 툴을 통해 프로젝트 생산성 향상 또는 코드 자동화 도입 경험
- 프롬프트 기반 개발 문제 해결 능력


[채용절차]
- 서류 > 인적성 검사 > 면접 > 최종합격
- 서류전형 합격자에 한해 사람인 온라인 인적성 검사 응시 안내 예정
- 인적성 검사 합격자에 한해 면접 시 자율주제로 PT 발표 (15분 이내) 진행",https://work.mma.go.kr/caisBYIS/search/cygonggogeomsaekView.do?menu_id=&searchCondition=&searchKeyword=&pageUnit=10&pageIndex=4&cygonggo_no=2000001053689&jbc_cd=&byjjeopche_cd=220250167&eopjong_gbcd=2&gegyumo_cd=&eopche_nm=&sido_addr=&sigungu_addr=&jeonjik_yn=&yeokjong_brcd=&cyjemok_nm=&eopjong_gbcd_list=,military,2025-06-09 22:17:21,new
(주)이지트래픽 IT기술연구소,[전문연구요원] AI 기술자 채용,2025-05-23,2025-06-30,현역,석사 이상,신입/경력,"경기도 안양시 동안구 엘에스로116번길 118, 930호-931호 (호계동)",AI 기술 개발,"[주요업무]
- AI 기술 개발

[자격요건]
- Machine Learning 또는 관련 AI 분야에서의 연구 및 개발 경험 보유자
- 데이터 분석을 위한 프로그래밍 역량 보유자 (Python, SQL 등)
- Pytorch, Keras, Tensorflow 등 라이브러리 사용 가능자

[우대사항]
- 교통공학, 산업공학, 통계학, 컴퓨터 공학, 데이터 사이언스학 등 관련 전공
- 데이터 분석 관련 논문 또는 공모전 수상 경험
- 수요예측 관련 경력 (시계열 예측 및 머신러닝∙딥러닝 기반 예측 모델 경험)
- LLM 등 Open Source AI Model 탐색 및 파인 튜닝 역량

[채용절차]
- 서류 > 인적성 검사 > 면접 > 최종합격
- 서류전형 합격자에 한해 사람인 온라인 인적성 검사 응시 안내 예정
- 인적성 검사 합격자에 한해 면접 시 자율주제로 PT 발표 (15분 이내) 진행",https://work.mma.go.kr/caisBYIS/search/cygonggogeomsaekView.do?menu_id=&searchCondition=&searchKeyword=&pageUnit=10&pageIndex=4&cygonggo_no=2000001053489&jbc_cd=&byjjeopche_cd=220250167&eopjong_gbcd=2&gegyumo_cd=&eopche_nm=&sido_addr=&sigungu_addr=&jeonjik_yn=&yeokjong_brcd=&cyjemok_nm=&eopjong_gbcd_list=,military,2025-06-09 22:17:21,new
극동에너지(주) 기업부설연구소,[전문연구요원 채용]극동에너지(주) 기업부설연구소,2025-05-22,2025-06-30,현역,석사 이상,신입/경력,경상북도 칠곡군 약목면 관호12길13-6,수소연료전지 분야의 신기술 및 제품개발을 위한 자료조사 · 분석,"극동에너지(주)는 태양광, 태양열에너지에 대해 끊임없는 연구와 투자로 그에 따른 독보적인 기술력을 인정받고 있습니다.
지난 20여 년간의 축적된 기술력을 바탕으로 효율적인 신재생에너지 제품을 공급하고 있으며 항상 고객만족을 위해 최선을 다하고 있습니다.
한국에너지공단 신재생에너지 참여기업, AS전담기업, 가족친화기업, 여가친화기업, 지식재산경영, ISO, 근무혁신우수, 벤처확인, 메인비즈,
이노비즈 등의 여러 인증을 받은 신뢰할 수 있는 기업입니다.",https://work.mma.go.kr/caisBYIS/search/cygonggogeomsaekView.do?menu_id=&searchCondition=&searchKeyword=&pageUnit=10&pageIndex=4&cygonggo_no=2000001052290&jbc_cd=&byjjeopche_cd=220250125&eopjong_gbcd=2&gegyumo_cd=&eopche_nm=&sido_addr=&sigungu_addr=&jeonjik_yn=&yeokjong_brcd=&cyjemok_nm=&eopjong_gbcd_list=,military,2025-06-09 22:17:21,new
"(주)크래프톤(KRAFTON, Inc.) PUBG Research Center",[크래프톤] PUBG Research Center 전문연구요원 채용공고 (Engine Engineering),2025-05-21,2025-07-20,현역,석사,신입/경력,"서울특별시 서초구 서초대로38길12, 타워원 2층, 11층 (서초동, 마제스타시티)",PUBG STUDIOS 신규 프로젝트 기술(Tech) 부문 담당,"[채용부서 소개]
기획 사양서를 바탕으로 언리얼 기반 클라이언트와 데디케이션 서버를 개발, 플랫폼 서버와의 협업으로 비즈니스 로직 작성
안정성, 호환성, 최적화, 자동화, 퀄리티업을 위해 언리얼 엔진을 수정하거나 적합한 툴을 활용

[Engine Engineer 소개]
iOS 및 안드로이드 HW 이해를 바탕으로 팰월드 모바일 언리얼 엔진 최적화, 그래픽 향상, 하드웨어 호환성 확보
언리얼 엔진의 가상 파일 시스템 및 월드 파티션 시스템 활용, On-Demand 리소스 DLC 시스템 개발 및 빌드 최적화
팰월드 모바일의 아트와 기획 요구사항에 맞춰 언리얼 엔진 기능 추가, 기술 지원 및 자동화

[참고] 공고 내 기재된 경력 요건은 무관합니다.

*지원방법: 회사 홈페이지 통해 지원 (아래 링크 참고)
*링크: https://job-boards.greenhouse.io/pubgcorporation/jobs/7894545002?gh_src=123ad02e2us
*모집 및 채용 과정은 홈페이지 통해 상세 내용 확인 가능합니다.",https://work.mma.go.kr/caisBYIS/search/cygonggogeomsaekView.do?menu_id=&searchCondition=&searchKeyword=&pageUnit=10&pageIndex=4&cygonggo_no=2000001049691&jbc_cd=&byjjeopche_cd=220140346&eopjong_gbcd=2&gegyumo_cd=&eopche_nm=&sido_addr=&sigungu_addr=&jeonjik_yn=&yeokjong_brcd=&cyjemok_nm=&eopjong_gbcd_list=,military,2025-06-09 22:17:21,new
"(주)크래프톤(KRAFTON, Inc.) PUBG Research Center",[크래프톤] PUBG Research Center 전문연구요원 채용공고 (Client Engineering),2025-05-21,2025-07-20,현역,석사,신입/경력,"서울특별시 서초구 서초대로38길12, 타워원 2층, 11층 (서초동, 마제스타시티)",PUBG STUDIOS 신규 프로젝트 기술(Tech) 부문 담당,"[채용부서 소개]
기획 사양서를 바탕으로 언리얼 기반 클라이언트와 데디케이션 서버를 개발, 플랫폼 서버와의 협업으로 비즈니스 로직 작성
안정성, 호환성, 최적화, 자동화, 퀄리티업을 위해 언리얼 엔진을 수정하거나 적합한 툴을 활용

[Client Engineer 소개]
언리얼 게임 프레임워크 및 네트워크 통신을 활용한 팰월드 원작 모바일화 및 신규 모바일 컨텐츠 개발, 유지보수
컨텐츠와 관련한 팰월드 모바일의 기획 및 아트 요구사항에 따른 언리얼 에디터 기능 추가, 기술 지원 및 자동화 작업

[참고] 공고 내 기재된 경력 요건은 무관합니다.

*지원방법: 회사 홈페이지 통해 지원 (아래 링크 참고)
*링크: https://job-boards.greenhouse.io/pubgcorporation/jobs/7897128002?gh_src=6d00b0302us
*모집 및 채용 과정은 홈페이지 통해 상세 내용 확인 가능합니다.",https://work.mma.go.kr/caisBYIS/search/cygonggogeomsaekView.do?menu_id=&searchCondition=&searchKeyword=&pageUnit=10&pageIndex=4&cygonggo_no=2000001049690&jbc_cd=&byjjeopche_cd=220140346&eopjong_gbcd=2&gegyumo_cd=&eopche_nm=&sido_addr=&sigungu_addr=&jeonjik_yn=&yeokjong_brcd=&cyjemok_nm=&eopjong_gbcd_list=,military,2025-06-09 22:17:21,new
(주)엠쓰리시스템즈 기업부설연구소,플랫폼 프론트엔드 개발자 전문연구요원 채용 공고,2025-05-08,2025-07-07,보충역,대학교 졸업(4년) 이상,신입/경력,경기도 용인시 기흥구 신갈동 신갈로86 4층,플랫폼 개발,"1. 주요업무
• M3 Systems 플랫폼 웹 프론트엔드 개발
• 건축물 전체 라이프사이클 지원을 위해 여러 이해관계자들이 활동하는 웹 기반 플랫폼 서비스 유지관리 및 고도화

2. 자격요건
• 보충역
• 전산, 컴퓨터공학 관련 학위 취득자

3. 우대사항
• Java Script를 통한 3D 렌더링 지식이 있으신 분
• 건축 분야에 지식이 있거나 관심이 있으신분
• 전통적 기술부터 최신 기술까지 다양한 기술 습득을 목표로 하시는 분",https://work.mma.go.kr/caisBYIS/search/cygonggogeomsaekView.do?menu_id=&searchCondition=&searchKeyword=&pageUnit=10&pageIndex=4&cygonggo_no=2000001032091&jbc_cd=&byjjeopche_cd=220240031&eopjong_gbcd=2&gegyumo_cd=&eopche_nm=&sido_addr=&sigungu_addr=&jeonjik_yn=&yeokjong_brcd=&cyjemok_nm=&eopjong_gbcd_list=,military,2025-06-09 22:17:21,new
(주)원일티엔아이 연구소,전문연구요원 모집공고(수소저장합금),2025-05-20,2025-06-30,현역,석사 이상,신입,경기도 김포시 양촌읍 황금1로150 2층 (㈜원일티엔아이 R&D센터),수소저장합금 개발/평가,"우대사항 : 금속전공 / 수소저장합금 전공
담당업무 : 수소저장합금 개발,평가 / 고체수소저장시스템 개발/평가
기타사항 :
- 근무시간 8시 30분 ~ 18시 00분으로 총 8시간 30분근무입니다.
- 포괄임금제로 면접시 내용설명을 드립니다.",https://work.mma.go.kr/caisBYIS/search/cygonggogeomsaekView.do?menu_id=&searchCondition=&searchKeyword=&pageUnit=10&pageIndex=4&cygonggo_no=2000001047289&jbc_cd=&byjjeopche_cd=220250033&eopjong_gbcd=2&gegyumo_cd=&eopche_nm=&sido_addr=&sigungu_addr=&jeonjik_yn=&yeokjong_brcd=&cyjemok_nm=&eopjong_gbcd_list=,military,2025-06-09 22:17:21,new
(주)엑스큐브 기업부설연구소,♥(서울/강남)인공지능 개발자 모집 [전문연구요원],2025-05-13,2025-07-12,기타,석사 이상,신입/경력,서울특별시 강남구 강남대로112길34 영화빌딩 2층 (논현동),개발 및 개발지원,"<주요 업무>
- 의료 데이터를 형상으로 변환
- 의료 형상의 복원을 위한 모델링 및 생성형 AI 방법론 개발(전처리 등)
- 선임 개발자의 지도 하에 모델 성능 개선 및 최적화 수행

- 컴퓨터공학, 인공지능, 데이터사이언스 등 관련 전공의 석사 학위 이상
- 병역특례(전문연구요원/보충역) 대상자 필수
- 머신러닝 및 딥러닝의 기본 개념 이해
- 형상 처리 및 생성을 위한 기본 개념이해
- Git 등 버전 관리 시스템 사용 경험
- 학습 의지와 팀워크를 갖춘 협업 능력
- 소프트웨어 개발, 특히 AI 분야에 대한 관심과 열정이 있는 자

<우대 사항>
- 의료 데이터 또는 의료 영상 연구 및 프로젝트 참여 경험
- 3차원 형상 처리 또는 이를 이용한 AI모델 개발 및 학습 경험
- 계산 기하학 기본 이해",https://work.mma.go.kr/caisBYIS/search/cygonggogeomsaekView.do?menu_id=&searchCondition=&searchKeyword=&pageUnit=10&pageIndex=4&cygonggo_no=2000001035700&jbc_cd=&byjjeopche_cd=220250205&eopjong_gbcd=2&gegyumo_cd=&eopche_nm=&sido_addr=&sigungu_addr=&jeonjik_yn=&yeokjong_brcd=&cyjemok_nm=&eopjong_gbcd_list=,military,2025-06-09 22:17:21,new
(주)스페바이오 기업부설연구소,[(주)스페바이오] 바이오소재 연구소 채용공고,2025-05-19,2025-06-30,현역,석사,신입/경력,"서울특별시 성동구 아차산로11가길3, K2지식산업센터 제5층 501호 (성수동2가)",바이오소재연구소 인재채용,"식물세포 유래 바이오소재를 연구개발하고 있습니다.
(주)스페바이오 바이오소재 연구소에서는 바이오소재 연구개발을 함께할 인재를 찾습니다.

* 주요업무
1. 식물캘러스 유도 및 배양
2. 식물캘러스 유래 바이오소재 개발
3. 개발소재 세포기반 효능 평가 및 평가 시험법 발굴
4. 개발업무관련 문서 작성 (SOP,기술자료 등)
5. 생산부서 업무이관 및 타부서 업무 지원
6. 국책 과제 계획서 및 보고서 작성

* 자격요건
1. 학력 : 관련전공 석사 이상
2. 식물유래 기능성 소재 연구개발 경력 보유하신 분
3. 기능성 소재의 in vitro, in vivo 효능 평가 경력이 있으신 분
4. 필수 경력 : 상기 업계의 경력 3년 이상이신 분
5. 구성원과의 원활한 소통이 가능하고, 역량을 쌓으려는 의지와 적극적인 자세를 갖춘 분
6. 해외여행에 결격 사유가 없는 분

* 우대사항
1. 천연물 유래 기능성 소재를 개발부터 제품화까지 성과를 내본 경험이 있는 분
2. 물질 분석 가능하신 분 (HPLC, LC-MS/MS 분석 및 해석)

** 모든 조건에 부합하는 분을 찾는것이 아닙니다, 부족한 부분은 채워나갈 수 있는 지원자의 의지가 중요하니, 많은 지원 부탁드립니다. **",https://work.mma.go.kr/caisBYIS/search/cygonggogeomsaekView.do?menu_id=&searchCondition=&searchKeyword=&pageUnit=10&pageIndex=5&cygonggo_no=2000001045294&jbc_cd=&byjjeopche_cd=220240235&eopjong_gbcd=2&gegyumo_cd=&eopche_nm=&sido_addr=&sigungu_addr=&jeonjik_yn=&yeokjong_brcd=&cyjemok_nm=&eopjong_gbcd_list=,military,2025-06-09 22:17:21,new
(주)스페바이오 기업부설연구소,[(주)스페바이오] 바이오소재 연구소 채용공고,2025-05-19,2025-06-30,현역,석사,신입/경력,"서울특별시 성동구 아차산로11가길3, K2지식산업센터 제5층 501호 (성수동2가)",바이오소재연구소 인재채용,"식물세포 유래 바이오소재를 연구개발하고 있습니다.
(주)스페바이오 바이오소재 연구소에서는 바이오소재 연구개발을 함께할 인재를 찾습니다.

* 주요업무
1. 식물캘러스 유도 및 배양
2. 식물캘러스 유래 바이오소재 개발
3. 개발소재 세포기반 효능 평가 및 평가 시험법 발굴
4. 개발업무관련 문서 작성 (SOP,기술자료 등)
5. 생산부서 업무이관 및 타부서 업무 지원
6. 국책 과제 계획서 및 보고서 작성

* 자격요건
1. 학력 : 관련전공 석사 이상
2. 식물유래 기능성 소재 연구개발 경력 보유하신 분
3. 기능성 소재의 in vitro, in vivo 효능 평가 경력이 있으신 분
4. 필수 경력 : 상기 업계의 경력 3년 이상이신 분
5. 구성원과의 원활한 소통이 가능하고, 역량을 쌓으려는 의지와 적극적인 자세를 갖춘 분
6. 해외여행에 결격 사유가 없는 분

* 우대사항
1. 천연물 유래 기능성 소재를 개발부터 제품화까지 성과를 내본 경험이 있는 분
2. 물질 분석 가능하신 분 (HPLC, LC-MS/MS 분석 및 해석)

** 모든 조건에 부합하는 분을 찾는것이 아닙니다, 지원자의 의지가 중요하니, 많은 지원 부탁드립니다. **",https://work.mma.go.kr/caisBYIS/search/cygonggogeomsaekView.do?menu_id=&searchCondition=&searchKeyword=&pageUnit=10&pageIndex=5&cygonggo_no=2000001045890&jbc_cd=&byjjeopche_cd=220240235&eopjong_gbcd=2&gegyumo_cd=&eopche_nm=&sido_addr=&sigungu_addr=&jeonjik_yn=&yeokjong_brcd=&cyjemok_nm=&eopjong_gbcd_list=,military,2025-06-09 22:17:21,new
(주)노타 기업부설연구소,[전문연구요원] Quantization Research Engineer,2025-03-25,2025-06-30,현역,석사 이상,신입/경력,서울특별시 강남구 테헤란로521 파르나스타워 16층 노타 (삼성동),연구개발,"안녕하세요, 주식회사 노타입니다.
병역일터를 통해 이력서를 제출해 주시면, 검토 후에 연락을 드리겠습니다.
더 자세한 내용은 아래 첨부드린 채용 공고 사이트로 접속하셔서 확인 부탁드립니다.

Nota Career (채용 공고) : https://career.nota.ai/o/148508",https://work.mma.go.kr/caisBYIS/search/cygonggogeomsaekView.do?menu_id=&searchCondition=&searchKeyword=&pageUnit=10&pageIndex=5&cygonggo_no=2000000977089&jbc_cd=&byjjeopche_cd=220200165&eopjong_gbcd=2&gegyumo_cd=&eopche_nm=&sido_addr=&sigungu_addr=&jeonjik_yn=&yeokjong_brcd=&cyjemok_nm=&eopjong_gbcd_list=,military,2025-06-09 22:17:21,new
(주)긴트 기술연구소,[판교/긴트] 자율주행 개발 전문연구 요원,2025-05-16,2025-07-07,현역,석사 이상,신입/경력,"경기도 성남시 분당구 판교로228번길 17, 판교세븐벤처밸리 2단지 1동 4층 (삼평동)",농기계 자율주행 제품(플루바 오토)의 제어 부문 개발 및 소프트웨어 개발,"[GINT는 기술로 농업의 일상을 바꾸고자 시작했습니다.]
긴트(GINT)는 모빌리티 · ICT 전문가 중심으로 설립된 스마트 농업, 스마트 모빌리티 플랫폼 개발 전문 기업입니다. 전자제어 기술 · 자율주행 기술 · 데이터 기반 서비스 플랫폼 운영 기술을 보유하고 있습니다.
급속히 고령화되는 농촌의 현실 속에서, 우리는 기술이 농업의 방식 자체를 바꿀 수 있다고 믿었습니다.
농촌의 인구는 줄고 노동력은 고령화되고 있지만 농업은 여전히 인류의 가장 필수적인 산업입니다. GINT는 모빌리티 · ICT 기술을 통해 이 근본적인 문제를 해결하기 위해 모였습니다.
사명 GINT는 “Great Inspiration to the NexT” 즉, 다음 세대를 위한 위대한 영감이라는 우리의 미션을 담고 있습니다.

[GINT는 단일 기술을 넘어 농업 생태계를 설계하고 있습니다.]
- PLUVA auto : 클라우드 기반 농기계 자율주행 솔루션
- PLUVA robotics : 차세대 농업용 로보틱스 제품
- PLUVA market : 프리미엄 중고 트랙터 플랫폼
- PLUVA way : 플루바가 선보이는 농업인의 미래 복합농업공간
- PLUVA link : 인공위성 기반 AI 정밀농업 서비스
기술 그 자체 보다, 기술이 만들어내는 농업 전반의 생태계 확장까지 주도하고 있습니다.",https://work.mma.go.kr/caisBYIS/search/cygonggogeomsaekView.do?menu_id=&searchCondition=&searchKeyword=&pageUnit=10&pageIndex=5&cygonggo_no=2000001042901&jbc_cd=&byjjeopche_cd=220250038&eopjong_gbcd=2&gegyumo_cd=&eopche_nm=&sido_addr=&sigungu_addr=&jeonjik_yn=&yeokjong_brcd=&cyjemok_nm=&eopjong_gbcd_list=,military,2025-06-09 22:17:21,new
(주)긴트 기술연구소,[판교/긴트] 임베디드 전문연구 요원,2025-02-06,2025-07-06,현역,석사 이상,신입/경력,"경기도 성남시 분당구 판교로228번길 17, 판교세븐벤처밸리 2단지 1동 4층 (삼평동)","IMU/GPS 드라이버 개발, 디바이스 드라이버 개발, AUTOSAR 기반 BSW 개발, 차량 통신/진단 통신 개발","GINT 는 인류에게 가장 기본적이며 필수적인 산업인 농업, 그 중에서도 생산과정을 근본적으로 해결하기 위해 국내 최고 수준 오토모티브, ICT 전문가들이 모인 Ag-Tech 스타트업입니다.
기술신용평가에서 TI-2등급을 받은만큼 기술력과 비전, 종합평가에서 우수한 등급을 획득했습니다.
21년까지 누적 약 100억원 투자를 유치하였고, 23년 상반기 150억 규모의 Series B 유치를 성공적으로 마무리하였습니다.
GINT는 자율주행 기술을 시작으로 한 본격적인 미래농업기술과 서비스 보급을 시작할 예정입니다.

Great Inspiration to the NexT,
우리가 꿈꾸는 다음 세대를 위한 비즈니스입니다.",https://work.mma.go.kr/caisBYIS/search/cygonggogeomsaekView.do?menu_id=&searchCondition=&searchKeyword=&pageUnit=10&pageIndex=5&cygonggo_no=2000000904289&jbc_cd=&byjjeopche_cd=220250038&eopjong_gbcd=2&gegyumo_cd=&eopche_nm=&sido_addr=&sigungu_addr=&jeonjik_yn=&yeokjong_brcd=&cyjemok_nm=&eopjong_gbcd_list=,military,2025-06-09 22:17:21,new
(주)78리서치랩 기업부설연구소,(서울강남) 보안 서비스 소프트웨어 엔지니어 Frontend/App (전문연구요원) 원집,2025-05-14,2025-06-30,현역,석사 이상,경력 (3년이상),서울특별시 강남구 봉은사로114 6층 (역삼동),"시뮬레이션 결과 시각화, UI/UX 최적화, 보안 솔루션 통합, 웹앱 개선 및 배포 시스템 고도화를 설계·개발",,https://work.mma.go.kr/caisBYIS/search/cygonggogeomsaekView.do?menu_id=&searchCondition=&searchKeyword=&pageUnit=10&pageIndex=5&cygonggo_no=2000001039089&jbc_cd=&byjjeopche_cd=220240046&eopjong_gbcd=2&gegyumo_cd=&eopche_nm=&sido_addr=&sigungu_addr=&jeonjik_yn=&yeokjong_brcd=&cyjemok_nm=&eopjong_gbcd_list=,military,2025-06-09 22:17:21,new
(주)78리서치랩 기업부설연구소,(서울강남) 보안 서비스 소프트웨어 엔지니어 Machine Learning (전문연구요원) 모집,2025-05-14,2025-06-30,현역,석사 이상,경력 (3년이상),서울특별시 강남구 봉은사로114 6층 (역삼동),"DL 기반 대화형 보안 이슈 해결 시스템, 시나리오 추천·생성, 데이터 수집·학습 체계 구축, AI 모델 공동 연구수행",,https://work.mma.go.kr/caisBYIS/search/cygonggogeomsaekView.do?menu_id=&searchCondition=&searchKeyword=&pageUnit=10&pageIndex=5&cygonggo_no=2000001038899&jbc_cd=&byjjeopche_cd=220240046&eopjong_gbcd=2&gegyumo_cd=&eopche_nm=&sido_addr=&sigungu_addr=&jeonjik_yn=&yeokjong_brcd=&cyjemok_nm=&eopjong_gbcd_list=,military,2025-06-09 22:17:21,new
(주)엔이에스바이오테크놀러지 기업부설연구소,[엔이에스바이오테크놀러지] 바이오 R&D (분자생물학 실험) 전문연구요원 채용,2025-05-12,2025-06-13,현역,석사 이상,신입,서울특별시 동작구 흑석로84 102관 지하 109호,"분자생물학 실험, 동물실험 가능자 우대","NES BIOTECHNOLOGY는 “나노 블록＂을 이용한 다양한 치료용 생체분자 전달기술 개발 기업입니다.

나노 블록 기술을 기반으로 백신, 유전자 치료제, 항체 치료제 등의 신약 개발을 목표로 2019년 5월에 설립된 회사입니다.

당사는 30년 이상의 유전자 조절 연구 경험을 기반으로 세계 일류 신약 개발 기업으로 성장할 것입니다.
바이오 신약 개발 분야에서 오래도록 함께 성장하고자 하는 열정적인 인재들의 많은 지원 바랍니다.

1. 공통 자격요건
- 학력: 석사이상
- 나이/성별: 무관

2. 지원자격
- 경력: 신입/경력 (년수무관) 면접 후 결정
- 급여: 면접 후 조정 가능",https://work.mma.go.kr/caisBYIS/search/cygonggogeomsaekView.do?menu_id=&searchCondition=&searchKeyword=&pageUnit=10&pageIndex=5&cygonggo_no=2000001034703&jbc_cd=&byjjeopche_cd=220240226&eopjong_gbcd=2&gegyumo_cd=&eopche_nm=&sido_addr=&sigungu_addr=&jeonjik_yn=&yeokjong_brcd=&cyjemok_nm=&eopjong_gbcd_list=,military,2025-06-09 22:17:21,new
(주)스키아 AR / AI 개발연구소,[전문연구요원] 딥러닝 / 이미지 프로세싱 연구개발 모집,2025-05-12,2025-06-30,현역,석사 이상,신입/경력,"서울특별시 구로구 디지털로288 15층, 1502호 일부 (구로동)",의료 영상처리 및 딥러닝 모델 연구·개발,"S K I A 는
개발자들을 위해 최적의 환경을 제공하기 위해 노력하고 있으며
직원들 대부분 20~30대로 구성되어 수평적이고 자유로운 분위기에서 즐겁게 업무를 할 수 있습니다.

[기술스택]
opencv, pytorch

[업무내용]
1. 의료 영상처리 및 딥러닝 모델 연구·개발
- organ, vessel segmentation
- anomaly detection
- anatomical landmark detection
- occluded pose estimation (human, object … )

2. 인퍼런스 환경에 맞도록 딥러닝 모델 최적화 및 변환

[자격요건]
1. 컴퓨터비전 / 머신러닝 / 딥러닝 관련 프로젝트 수행 경험자
2. 의료 영상처리 관련 프로젝트 수행 경험자

[우대사항]
1. 다양한 modality (CT, MR, US)에서 의료 영상처리를 수행한 경험이 있으신 분
2. 딥러닝 네트워크 경량화 및 최적화 경험 기술 보유자
3. 연구 논문의 리뷰 및 구현에 익숙하신 분",https://work.mma.go.kr/caisBYIS/search/cygonggogeomsaekView.do?menu_id=&searchCondition=&searchKeyword=&pageUnit=10&pageIndex=5&cygonggo_no=2000001034097&jbc_cd=&byjjeopche_cd=220250213&eopjong_gbcd=2&gegyumo_cd=&eopche_nm=&sido_addr=&sigungu_addr=&jeonjik_yn=&yeokjong_brcd=&cyjemok_nm=&eopjong_gbcd_list=,military,2025-06-09 22:17:21,new
(주)온품 기업부설연구소,[서울/당산][RF연구개발]전문연구요원 모집(병역특례),2025-03-05,2025-06-28,현역,대학교 졸업(4년) 이상,신입/경력,서울특별시 영등포구 당산로49길 13 3~5층 (당산동6가),"RF회로설계 및 PCB설계, 계측기를 이용한 튜닝 및 시험, 시뮬레이션 툴을 이용한 분석, 산출물 및 보고서 작성 등","주식회사 온품 기업부설연구소에서 「전문연구요원」을 모집합니다

[지원자격] =============
• 전파, 전자 및 통신학과 관련 전공자
• RF설계에 관심이 있고 전문가로 성장하기를 희망하는 지원자
• 학력
(현역) 관련 전공 석사 이상 취득자
(사회복무요원소집대상인 보충역) 관련 전공 학사 이상 취득자


[담당업무] =============
• 계측기를 이용한 튜닝 및 시험
• 시뮬레이션 툴을 이용한 분석
• 산출물 및 보고서 작성 외
• (석사 이상) RF회로 설계


[우대사항] == 필수사항아님 ==
• 무선설비, 정보통신 관련 자격증 소지자
• 주파수 변환부 및 합성부 설계 경험자
• RF회로 설계(OrCAD), PCB(PADS) Artwork 가능자
• 주파수 생성부, 하향/상향 변환부 설계 경험자

※ 채용 완료 시 해당 공고는 종료됩니다.",https://work.mma.go.kr/caisBYIS/search/cygonggogeomsaekView.do?menu_id=&searchCondition=&searchKeyword=&pageUnit=10&pageIndex=5&cygonggo_no=2000000950090&jbc_cd=&byjjeopche_cd=220250011&eopjong_gbcd=2&gegyumo_cd=&eopche_nm=&sido_addr=&sigungu_addr=&jeonjik_yn=&yeokjong_brcd=&cyjemok_nm=&eopjong_gbcd_list=,military,2025-06-09 22:17:21,new
(주)온품 기업부설연구소,[서울/당산][디지털신호처리개발]전문연구요원 모집(병역특례),2025-03-05,2025-06-28,현역,대학교 졸업(4년) 이상,신입/경력,서울특별시 영등포구 당산로49길 13 3~5층 (당산동6가),"디지털신호처리 보드 HW, FW개발 등","주식회사 온품 기업부설연구소에서 「전문연구요원」을 모집합니다

[지원자격] =============
• 전자, 정보통신, 전산 관련 전공자
• 임베디드 시스템, IT분야 관심 많고 개발자를 목표로 하는 지원자, S/W Coding 경험자
• 학력
(현역) 관련 전공 석사 이상 취득자
(사회복무요원소집대상인 보충역) 관련 전공 학사 이상 취득자


[담당업무] =============
• 디지털신호처리 보드 HW, FW개발
• MCU, SoC F/W, 미들웨어 코딩
• 사용 프로그래밍 언어 C or C++ or Matlab or VHDL or Verilog
(석사 이상)
• 디지털/프로세서보드 회로설계 또는
• VHDL 또는 Verilog 사용한 FPGA 로직 설계 또는
• Matlab을 이용한 시뮬레이션 및 알고리즘 설계


[우대사항] == 필수사항아님 ==
• 디지털 하드웨어(프로세서, FPGA, SoC) 설계 가능자
• Xilinx FPGA, SoC 사용 경험자
• 디지털 신호처리에 대한 지식 보유자

※ 채용 완료 시 해당 공고는 종료됩니다.",https://work.mma.go.kr/caisBYIS/search/cygonggogeomsaekView.do?menu_id=&searchCondition=&searchKeyword=&pageUnit=10&pageIndex=6&cygonggo_no=2000000950089&jbc_cd=&byjjeopche_cd=220250011&eopjong_gbcd=2&gegyumo_cd=&eopche_nm=&sido_addr=&sigungu_addr=&jeonjik_yn=&yeokjong_brcd=&cyjemok_nm=&eopjong_gbcd_list=,military,2025-06-09 22:17:21,new
(주)우신라보타치 부설연구소,전자의료기기 개발 직무 분야 연구원,2025-05-07,2025-06-30,현역,석사 이상,신입/경력,"서울특별시 구로구 디지털로288 1908호, 1909호, 1809호, 1810-1호 (구로동, 대륭포스트타워1차)",의료기기를 이용한 피부 투과 약물 전달 시스템 연구 개발/ 의료용 Iontophhoresis device 개발,"주요업무
ㆍ 의료기기를 이용한 피부 투과 약물 전달 시스템 연구 개발
ㆍ 의료용 Iontophhoresis device 개발

지원자격
ㆍ경력 : 무관
ㆍ학력-대학원(석사), 졸업예정자 우대
ㆍ전자/전기/기계과등 관련학과
ㆍ회로, 펌웨어 및 PCB 개발 가능하거나 준하는 경험이 있으신 분
ㆍ이온토포레시스 시스템에 대한 경험이 있으신 분
ㆍ직무관련 대외활동 우대

ㆍ기타 필수 사항
- TOEIC 800급(점) 이상",https://work.mma.go.kr/caisBYIS/search/cygonggogeomsaekView.do?menu_id=&searchCondition=&searchKeyword=&pageUnit=10&pageIndex=6&cygonggo_no=2000001028490&jbc_cd=&byjjeopche_cd=220250191&eopjong_gbcd=2&gegyumo_cd=&eopche_nm=&sido_addr=&sigungu_addr=&jeonjik_yn=&yeokjong_brcd=&cyjemok_nm=&eopjong_gbcd_list=,military,2025-06-09 22:17:21,new
(주)우신라보타치 부설연구소,"의약품,화장품분야 연구개발 연구원 모집(석사이상)",2025-05-07,2025-06-30,현역,석사 이상,신입/경력,"서울특별시 구로구 디지털로288 1908호, 1909호, 1809호, 1810-1호 (구로동, 대륭포스트타워1차)","제제연구, 분석연구, CTD-U 식약처 허가 자료 준비 및 대응, 기술이전등","주요업무
ㆍ 제제연구-카타플라즈마제, 패치제, 경구용붕해필름제(ODF)등 완제의약품의 Formulation, Scale-up
ㆍ 분석연구-완제의약품 기시법 개발 및 Method validation, 안정성 시험, 동등성 시험, 동물시험 등
ㆍ CTD-U 식약처 허가 자료 준비 및 대응, 공통기술문서(CTD)
ㆍ기술이전-슬로베니아 의약품 EU GMP 공장 출장 및 기술이전

지원자격
ㆍ경력 : 무관
ㆍ학력-대학원(석사), 졸업예정자 우대
ㆍ약학/의약/화학/한의학/생명관련 전공자
ㆍ분석업무 경험자(HPLC/GC/ELISA 등)
ㆍ제약/화장품 산업 관련 경험자 우대
ㆍ영어 및 제2외국어 회화 가능자 우대
- TOEIC 800급(점) 이상",https://work.mma.go.kr/caisBYIS/search/cygonggogeomsaekView.do?menu_id=&searchCondition=&searchKeyword=&pageUnit=10&pageIndex=6&cygonggo_no=2000001028489&jbc_cd=&byjjeopche_cd=220250191&eopjong_gbcd=2&gegyumo_cd=&eopche_nm=&sido_addr=&sigungu_addr=&jeonjik_yn=&yeokjong_brcd=&cyjemok_nm=&eopjong_gbcd_list=,military,2025-06-09 22:17:21,new
(주)엣지케어 기업부설연구소,SW Developer 채용,2025-05-02,2025-06-30,현역,석사 이상,경력 (5년이상),서울특별시 마포구 백범로35 서강대학교 떼이야르관 1108호 (신수동),"Linux porting, Linux device driver, Linux application, Application 연동 Server platform","㈜엣지케어는 초음파 솔루션을 기반으로 한 환자 진단 및 모니터링의 핵심 기술을 보유한 디지털 헬스케어 벤처기업으로 2020년 5월 설립되었습니다. 사업 분야와 규모 확장 및 상장 준비를 위해 수평적이고 오픈 된 조직에서 즐겁게 일하실 수 있는 에너지를 가진 인재를 찾고 있습니다.

직무 개요
초음파에 대한 이해가 없더라도 수행 가능한 부분부터 개발 업무가 주어집니다. 자체 제작하는 제품의 Board bring-up, OS(Linux) porting, Device driver, Application 개발 업무를 하게 됩니다. 그리고, 제품에 연동될 서버 플랫폼 개발 업무를 하게 됩니다. 의료기기 특성상 국내 인증 및 해외 인증에 적합한 형태의 코딩이 필요하며, 인증 관련 부서와 원활한 협업을 통해 소스코드 레벨부터 소프트웨어 UI, UX 전반의 개발에 참여합니다.

자격요건
 [C, C++] 또는 [Python, Kotlin, Java]
 Linux 개발환경에 익숙할 것
 Visual Studio, Qt 등을 이용한 GUI 개발 경험
 타 부서와 협업 및 커뮤니케이션 능력
 전자문서관리를 포함한 컴퓨터 활용 능력
 업무 관련 지식에 대해 계속적으로 배우고자 하는 의지

우대요건
 Yocto based linux distribution 환경에서의 개발 경험자
 Embedded Linux Device Driver 개발 경험자
 Bluetooth(BT classic, BLE) 활용한 IOT device 개발 경험
 Application UX/UI 디자인 경험자
 Mobile application 개발 및 출시 경험
 Client-Server program 능숙
 MySQL, SQ-Lite 등의 DB 활용한 개발 경험
 RESTful API 기반 Client-Server program
 Tensorflow와 같은 AI 프레임워크 사용 개발 경험
 초음파 관련 개발 경험",https://work.mma.go.kr/caisBYIS/search/cygonggogeomsaekView.do?menu_id=&searchCondition=&searchKeyword=&pageUnit=10&pageIndex=6&cygonggo_no=2000001026690&jbc_cd=&byjjeopche_cd=220230020&eopjong_gbcd=2&gegyumo_cd=&eopche_nm=&sido_addr=&sigungu_addr=&jeonjik_yn=&yeokjong_brcd=&cyjemok_nm=&eopjong_gbcd_list=,military,2025-06-09 22:17:21,new
(주)엣지케어 기업부설연구소,SW Developer 채용,2025-05-02,2025-06-30,현역,석사 이상,경력 (5년이상),서울특별시 마포구 백범로35 서강대학교 떼이야르관 1108호 (신수동),"Linux porting, Linux device driver, Linux application, Application 연동 Server platform","㈜엣지케어는 초음파 솔루션을 기반으로 한 환자 진단 및 모니터링의 핵심 기술을 보유한 디지털 헬스케어 벤처기업으로 2020년 5월 설립되었습니다. 사업 분야와 규모 확장 및 상장 준비를 위해 수평적이고 오픈 된 조직에서 즐겁게 일하실 수 있는 에너지를 가진 인재를 찾고 있습니다.

직무 개요
초음파에 대한 이해가 없더라도 수행 가능한 부분부터 개발 업무가 주어집니다. 자체 제작하는 제품의 Board bring-up, OS(Linux) porting, Device driver, Application 개발 업무를 하게 됩니다. 그리고, 제품에 연동될 서버 플랫폼 개발 업무를 하게 됩니다. 의료기기 특성상 국내 인증 및 해외 인증에 적합한 형태의 코딩이 필요하며, 인증 관련 부서와 원활한 협업을 통해 소스코드 레벨부터 소프트웨어 UI, UX 전반의 개발에 참여합니다.

자격요건
 [C, C++] 또는 [Python, Kotlin, Java]
 Linux 개발환경에 익숙할 것
 Visual Studio, Qt 등을 이용한 GUI 개발 경험
 타 부서와 협업 및 커뮤니케이션 능력
 전자문서관리를 포함한 컴퓨터 활용 능력
 업무 관련 지식에 대해 계속적으로 배우고자 하는 의지

우대요건
 Yocto based linux distribution 환경에서의 개발 경험자
 Embedded Linux Device Driver 개발 경험자
 Bluetooth(BT classic, BLE) 활용한 IOT device 개발 경험
 Application UX/UI 디자인 경험자
 Mobile application 개발 및 출시 경험
 Client-Server program 능숙
 MySQL, SQ-Lite 등의 DB 활용한 개발 경험
 RESTful API 기반 Client-Server program
 Tensorflow와 같은 AI 프레임워크 사용 개발 경험
 초음파 관련 개발 경험",https://work.mma.go.kr/caisBYIS/search/cygonggogeomsaekView.do?menu_id=&searchCondition=&searchKeyword=&pageUnit=10&pageIndex=6&cygonggo_no=2000001026689&jbc_cd=&byjjeopche_cd=220230020&eopjong_gbcd=2&gegyumo_cd=&eopche_nm=&sido_addr=&sigungu_addr=&jeonjik_yn=&yeokjong_brcd=&cyjemok_nm=&eopjong_gbcd_list=,military,2025-06-09 22:17:21,new
케이에스광학(주) 부설연구소,"★[전남,순천] 전문연구요원 모집(보충역가능) - 정밀화학분야★ (이력서제출:kji@kslabo.co.kr)",2025-04-24,2025-06-23,현역,석사 이상,신입/경력,전라남도 순천시 해룡면 율촌산단4로 26-108,정밀화학분야 연구개발(광학렌즈 원료 외 기능성 모노머) / 유기합성 / 연구기획,"◆ 전공 : 자연과학계, 공학계
◆ 우대사항 - 유기합성 전공이 아니더라도 유기합성을 희망하는자.
- 특허에 대한 이해도가 높은 자
◆ 이력서는 담당자 이메일로 보내주시면 빠른 확인이 가능합니다.
◆ 문의사항은 061-753-9717 또는 070-4451-2612 로 연락바랍니다.
◆ 입사지원 서류에 허위사실이 발견될 경우, 채용확정 이후라도 채용이 취소될 수 있습니다.",https://work.mma.go.kr/caisBYIS/search/cygonggogeomsaekView.do?menu_id=&searchCondition=&searchKeyword=&pageUnit=10&pageIndex=6&cygonggo_no=2000001019089&jbc_cd=&byjjeopche_cd=220210349&eopjong_gbcd=2&gegyumo_cd=&eopche_nm=&sido_addr=&sigungu_addr=&jeonjik_yn=&yeokjong_brcd=&cyjemok_nm=&eopjong_gbcd_list=,military,2025-06-09 22:17:21,new
케이에스광학(주) 부설연구소,"★[전남,순천] 전문연구요원 모집(보충역가능) - 정밀화학분야★ (이력서제출:kji@kslabo.co.kr)",2025-04-24,2025-06-09,현역,석사 이상,신입/경력,전라남도 순천시 해룡면 율촌산단4로 26-108,정밀화학분야 연구개발(광학렌즈 원료 외 기능성 모노머) / 유기합성 / 연구기획,"◆ 전공 : 자연과학계, 공학계
◆ 우대사항 - 유기합성 전공이 아니더라도 유기합성을 희망하는자.
- 특허에 대한 이해도가 높은 자
◆ 이력서는 담당자 이메일로 보내주시면 빠른 확인이 가능합니다.
◆ 문의사항은 061-753-9717 또는 070-4451-2612 로 연락바랍니다.
◆ 입사지원 서류에 허위사실이 발견될 경우, 채용확정 이후라도 채용이 취소될 수 있습니다.",https://work.mma.go.kr/caisBYIS/search/cygonggogeomsaekView.do?menu_id=&searchCondition=&searchKeyword=&pageUnit=10&pageIndex=6&cygonggo_no=2000001018889&jbc_cd=&byjjeopche_cd=220210349&eopjong_gbcd=2&gegyumo_cd=&eopche_nm=&sido_addr=&sigungu_addr=&jeonjik_yn=&yeokjong_brcd=&cyjemok_nm=&eopjong_gbcd_list=,military,2025-06-09 22:17:21,new
(주)메리테크 부설연구소,(주)메리테크 R&D센터 기구설계 전문연구요원(병역특례) 인력 채용,2025-04-21,2025-06-17,현역,석사 이상,신입/경력,"경기도 화성시 동탄첨단산업1로 28, 3층, 4층 (영천동)","기구설계 및 열, 유체 Simulation software 사용한 최적의 기구설계 및 REPORT 작성 등","[담당업무]
- 기구설계 및 열, 유체 Simulation software 사용한 최적의 기구설계 및 REPORT 작성 등
- 개발 이후 양산설비를 위한 follow-up

[자격요건]
1) 채용 연령 : 연령무관
2) 채용 학력 : 석사졸업이상(졸업 예정자 가능)
3) 채용 전공 : 기계공학 분야 중 기구설계 전공과목 이수자
4) 채용 경력 : 병역특례 전문(석사) 연구요원 채용(신입/경력)
5) 채용 자격 요건 :
- 기계공학 분야 기구설계 전공자

[채용 우대조건]
- 석사 학위 과정 중 산학협력 프로젝트 경력자
- 3D CAD(Solidworks)사용 가능자(CSWP 또는 CSWE 자격증 보유자)
- 학부 과정 중 전공과목 중 열, 유체 분야 최소 2과목 이상 이수한 자
- 열, 유체분야 Simulation 소프트웨어를 이용하여 논문 작성 유 경험자",https://work.mma.go.kr/caisBYIS/search/cygonggogeomsaekView.do?menu_id=&searchCondition=&searchKeyword=&pageUnit=10&pageIndex=6&cygonggo_no=2000001014091&jbc_cd=&byjjeopche_cd=220250056&eopjong_gbcd=2&gegyumo_cd=&eopche_nm=&sido_addr=&sigungu_addr=&jeonjik_yn=&yeokjong_brcd=&cyjemok_nm=&eopjong_gbcd_list=,military,2025-06-09 22:17:21,new
(주)옵티멀이노베이션 기업부설연구소,"[경기 안양] 기업부설연구소 전문연구요원 모집(현역, 보충역)",2025-04-18,2025-06-17,현역,석사 이상,신입/경력,경기도 안양시 동안구 학의로250 관양두산벤처다임 410호 (관양동),국가연구개발과제 또는 기업부설연구소 자체 연구개발과제 수행,"안녕하세요,
이노베이션한 세상에 없는 FUN 하고 WOW한 제품을 탄생시키는 옵티멀이노베이션입니다.

혁신에 대한 열정으로 역동적인 개발팀을 구축할 재능있는 인재를 찾고 있습니다.

이런 분을 찾습니다.
- *병역특례 전문연구요원으로 편입자격을 갖추신 분(공학계열 석사 이상)
- 함께 성장하여 최고에 도전하실 분
- 새로운 제품을 세상에 탄생시키고 싶으신 분
- 전기, 전자, 제어 등 관련분야 전공 또는 지식을 보유하신 분
- 최신 기술 및 동향에 대한 관심과 지속적인 학습 열정을 가지신 분

이런 분이면 더 좋습니다.
- 제품개발 및 프로젝트에 대한 경험을 보유하신 분
- 회로설계 및 펌웨어 개발 경험이 있으신 분
- PCB 설계 및 검증 경험이 있으신 분
- 제품 성능 평가, 인증 및 테스트 경험이 있으신 분
- 국가연구과제 수행 경험이 있으신 분

함께하면 받는 혜택 및 복지
- 4대 보험
- 주 5일 근무
- 중식 제공
- 성과급 지급
- 청년 내일채움공제 운영
- 직무보상발명제도 운영
- 명절연휴 전날 특별휴가
- 개발자 커뮤니티 참여 및 교육 지원
- 창의적인 자유로운 업무 환경 제공
- 수평적인 사내문화

현실에 안주하지 않으며 긍정적 마인드로 끊임없이 변화와 혁신을 추구하며
일에대한 열정과 자신감으로 가치를 창출하고
실패를 두려워하지 않고 꿈과 열정을 가지고 함께 도전하실 분!!!

준비가 되었다면 지금바로 지원해 주세요.",https://work.mma.go.kr/caisBYIS/search/cygonggogeomsaekView.do?menu_id=&searchCondition=&searchKeyword=&pageUnit=10&pageIndex=6&cygonggo_no=2000001011294&jbc_cd=&byjjeopche_cd=220250087&eopjong_gbcd=2&gegyumo_cd=&eopche_nm=&sido_addr=&sigungu_addr=&jeonjik_yn=&yeokjong_brcd=&cyjemok_nm=&eopjong_gbcd_list=,military,2025-06-09 22:17:21,new
(주)도터 기업부설연구소 (혁신 의료기기 QMS Center),[(주)도터] AI 개발자 (병역특례 – 전문연구요원/보충역),2025-04-15,2025-06-14,보충역,대학교 졸업(4년),신입/경력,서울특별시 금천구 가산디지털1로219 1004호 (벽산디지털밸리 6차) (가산동),심혈관 OCT 소프트웨어 개발,"주요 업무
-심혈관 OCT 소프트웨어 내 AI 기반 기능 개발 참여
-머신러닝 모델의 학습, 테스트 및 검증 보조
-의료 영상 데이터를 모델 입력에 적합하도록 전처리
-제품에 AI 모델 통합 지원
-선임 개발자의 지도 하에 모델 성능 개선 및 최적화 수행
-Git을 활용한 소스 코드 및 개발 문서 관리

-컴퓨터공학, 인공지능, 데이터사이언스 등 관련 전공의 4년제 학사 학위
-병역특례(전문연구요원/보충역) 대상자 필수
-머신러닝 및 딥러닝의 기본 개념 이해
-Python 및 TensorFlow, PyTorch, Scikit-learn 등의 프레임워크를 활용한 개발 경험
-Git 등 버전 관리 시스템 사용 경험
-학습 의지와 팀워크를 갖춘 협업 능력
-소프트웨어 개발, 특히 AI 분야에 대한 관심과 열정이 있는 자
-기술 문서 이해 가능한 수준의 영어 독해 능력

우대 사항
-의료 데이터 또는 의료 영상 프로젝트 참여 경험
-OpenCV, NumPy 등 이미지 처리 도구 활용 경험
-AI 관련 인턴십, 연구, 대회 등 활동 경험",https://work.mma.go.kr/caisBYIS/search/cygonggogeomsaekView.do?menu_id=&searchCondition=&searchKeyword=&pageUnit=10&pageIndex=6&cygonggo_no=2000001005892&jbc_cd=&byjjeopche_cd=220210197&eopjong_gbcd=2&gegyumo_cd=&eopche_nm=&sido_addr=&sigungu_addr=&jeonjik_yn=&yeokjong_brcd=&cyjemok_nm=&eopjong_gbcd_list=,military,2025-06-09 22:17:21,new
주식회사 애드,Computer Vision AI S/W 엔지니어채용,2025-06-04,2025-07-31,"정규직, 병역특례",대학원 석사졸업 이상,신입/경력,대전 유성구 대학로 143-1 (궁동) 1층 엠1호,"['IT/정보통신 > 응용프로그래머 > C/C++', '0명 모집']","['- Computer Vision AI S/W 엔지니어링', '- Computer Vision AI 모델 엔지니어링 경험자- Python/C++ 중 사용이 가능하신 분', '- 병역특례 전문연구요원 (석사 이상)- 도메인/환경 조건을 고려하여 최적의 모델을 선정하고 개발한 경험이 있으신 분- NPU Deployment 경험이 있으신 분- Edge AI / NPU 등 모델 추론(inference) 경량화/최적화 경험이 있으신 분- 개인 Github / Gitlab 등 프로젝트 이력 증빙이 가능하신 분']",https://www.rndjob.or.kr/info/sp_eview01.asp?gno=00169699&page=1>ype=&sfield=>xt=&catecd=&areacd=&bizcd=&schoolcd=&careercd=&empcd=&gcnt=&ste=&agecd=,rndjob,2025-06-09 22:17:21,new
올릭스 주식회사,[올릭스 주식회사] RNAi 신약개발 연구 인력(전문연구요원) 채용,2025-05-28,2025-06-30,병역특례,대학원 석사졸업 이상,무관,경기 수원시 영통구 대학4로 17 에이스광교타워1 1014호,"['연구개발 > 바이오/제약/식품 > 바이오', '0명 모집']","['', '', '']",https://www.rndjob.or.kr/info/sp_eview01.asp?gno=00169866&page=1>ype=&sfield=>xt=&catecd=&areacd=&bizcd=&schoolcd=&careercd=&empcd=&gcnt=&ste=&agecd=,rndjob,2025-06-09 22:17:21,new
유한회사스태츠칩팩코리아,[스태츠칩팩코리아] R&D부문 전문연구요원 모집(2025),2025-05-29,2025-12-31,"기타, 병역특례",대학원 석사졸업 이상,신입/경력,"인천 중구 자유무역로 191 (운서동, 스태츠칩팩코리아) 스태츠칩팩코리아","['생산 > 전자/반도체 > 전자,\xa0전자회로,\xa0반도체', '2명 모집']","['[Assemly R&D 엔지니어]- 차세대 SoC/Sip Packaging 기술 개발- 신규 Material/Process Develop- Substrate 및 패키지 디자인', '석사 이상현역 대상자(보충역X)재료/화학/전자 관련 전공자', '공인 어학 성적 보유자(TOEIC Speaking 130점 또는 OPic IM1 이상)']",https://www.rndjob.or.kr/info/sp_eview01.asp?gno=00168645&page=1>ype=&sfield=>xt=&catecd=&areacd=&bizcd=&schoolcd=&careercd=&empcd=&gcnt=&ste=&agecd=,rndjob,2025-06-09 22:17:21,new
주식회사 인텔렉투스,[인텔렉투스] 백엔드 개발자 전문연구요원 채용,2025-05-28,2025-08-01,"정규직, 병역특례",대학원 석사졸업 이상,신입/경력,서울 강남구 영동대로85길 13 송석빌딩 8층 인텔렉투스,"['IT/정보통신 > 데이터베이스 > SQL', '2명 모집']","['', '', '']",https://www.rndjob.or.kr/info/sp_eview01.asp?gno=00169877&page=1>ype=&sfield=>xt=&catecd=&areacd=&bizcd=&schoolcd=&careercd=&empcd=&gcnt=&ste=&agecd=,rndjob,2025-06-09 22:17:21,new
주식회사 인텔렉투스,[인텔렉투스] 프론트엔드 개발자 전문연구요원 채용,2025-05-28,2025-08-01,병역특례,대학원 석사졸업 이상,신입/경력,서울 강남구 영동대로85길 13 송석빌딩 8층 인텔렉투스,"['IT/정보통신 > 웹프로그래머 > JAVA/JSP', '2명 모집']","['', '', '']",https://www.rndjob.or.kr/info/sp_eview01.asp?gno=00169878&page=1>ype=&sfield=>xt=&catecd=&areacd=&bizcd=&schoolcd=&careercd=&empcd=&gcnt=&ste=&agecd=,rndjob,2025-06-09 22:17:21,new
주식회사 인텔렉투스,[인텔렉투스] 임베디드 개발자 전문연구요원 채용,2025-05-28,2025-08-01,병역특례,대학원 석사졸업 이상,신입/경력,서울 강남구 영동대로85길 13 송석빌딩 8층 인텔렉투스,"['IT/정보통신 > 응용프로그래머 > Embedded', '2명 모집']","['', '', '']",https://www.rndjob.or.kr/info/sp_eview01.asp?gno=00169879&page=1>ype=&sfield=>xt=&catecd=&areacd=&bizcd=&schoolcd=&careercd=&empcd=&gcnt=&ste=&agecd=,rndjob,2025-06-09 22:17:21,new
주식회사 인텔렉투스,[인텔렉투스] 시스템 소프트웨어 개발자 전문연구요원 채용,2025-05-28,2025-08-01,병역특례,대학원 석사졸업 이상,신입/경력,서울 강남구 영동대로85길 13 송석빌딩 8층 인텔렉투스,"['IT/정보통신 > 응용프로그래머 > C/C++', '2명 모집']","['', '', '']",https://www.rndjob.or.kr/info/sp_eview01.asp?gno=00169880&page=1>ype=&sfield=>xt=&catecd=&areacd=&bizcd=&schoolcd=&careercd=&empcd=&gcnt=&ste=&agecd=,rndjob,2025-06-09 22:17:21,new
유원지리정보시스템,자율주행 지도 및 디지털트윈 자동구축을 위한 알고리즘 개발,2025-05-28,2025-06-30,병역특례,대학원 석사졸업 이상,신입/경력,"경기 안양시 동안구 학의로 282 (관양동, 금강펜테리움 IT 타워) 금강펜테리움IT타워 B동 1720, 1721, 622호","['IT/정보통신 > 응용프로그래머 > C/C++,\xa0Java,\xa0GIS', '1명 모집']","['ㆍ 도로객체(차선, 정지선, 표지판등) 검출을 위한 딥러닝 기술 개발ㆍ 정형, 비정형 객체 검출 기술 개발ㆍ 복합센서 융합 기술 개발 (LiDAR/Camera/GNSS/INS/Radar)ㆍ 복합센서 Calibration 및 동기화 기술 개발ㆍ 3차원 공간 정보 스캔 및 재구성 기술 개발ㆍ SLAM을 이용한 공간 영상처리 알고리즘 개발ㆍ 센서융합 도로데이터 수집 장비 개발 및 유지보수 (티맵 내비게이션 지도 생성 및 유지 보수용)ㆍ 복합센서 기반 공간 스캔 장비 개발', '', 'ㆍ석사 이상 우대ㆍ공간정보 관련 자격증 소지자 우대']",https://www.rndjob.or.kr/info/sp_eview01.asp?gno=00169862&page=1>ype=&sfield=>xt=&catecd=&areacd=&bizcd=&schoolcd=&careercd=&empcd=&gcnt=&ste=&agecd=,rndjob,2025-06-09 22:17:21,new
주식회사 중고나라,[중고나라] ES 기반 검색 개발자,2025-05-27,2025-06-30,"정규직, 병역특례",대학원 석사졸업 이상,신입,서울 강남구 테헤란로 415 L7 HOTELS 강남타워 4층,"['IT/정보통신 > 응용프로그래머 > Java', '1명 모집']","['[우리 팀은 이런 일을 하고 있어요]Elastic Search 와 Java 를 기반으로 고성능 검색 시스템을 구축하며, 검색 품질 향상과 사용자 경험 최적화를 목표로 합니다.대규모 데이터 처리, 검색 로직 설계, 최신 기술 도입에 집중하며, 자율과 협업을 중시하는 성장 지향적인 팀이에요.기술적 도전과 혁신으로 사용자 가치를 극대화하는 검색 서비스를 만들고 있어요.[입사 후 맡게 될 주요 업무에요]* Elastic Search 를 활용한 검색 서비스를 설계 및 개발해요.* 대규모 데이터 처리 및 검색 엔진 최적화(Query Tuning, Index Optimization 등)를 담당해요.* Java 기반 백엔드 시스템 개발 및 유지보수를 담당해요.* 검색 관련 API 를 설계 및 구현해요.* 데이터 파이프라인을 설계 및 관리해요. (ETL 포함)* 검색 품질 향상을 위한 분석 및 개선을 담당해요.', '[이런 분과 함께하고 싶어요]* Java 개발 경력이 최소 1년 필요해요.* Elastic Search 를 활용한 프로젝트 경험이 필요해요.* RESTful API 설계 및 구현 경험이 필요해요.* SQL 및 NoSQL 데이터베이스 활용 능력이 필요해요.* Git을 이용한 협업 및 버전 관리 경험이 필요해요.* 검색 알고리즘 및 성능 최적화에 대한 이해가 필요해요.* 본 채용은 전문연구요원 포지션 입니다.- 자연계/이공계 석사학위 이상 소지자 또는 학위 취득 예정자로서 전문연구요원 신규편입 대상자- 현역 입영 대상자로, 35세까지 의무 복무를 마칠 수 있는 분- 대한민국 병역법에 의거하여 병역의 의무가 없는 여성 및 외국인은 지원이 불가합니다.', '[이런 경험이 있다면 더 좋아요]* 대규모 트래픽 환경에서 Elastic Search 를 운영한 경험이 있으면 좋아요.* Kibana, Logstash 등 Elastic Stack 활용 경험이 있으면 좋아요.* AWS, GCP, Azure 와 같은 클라우드 환경에서의 개발 경험이 있으면 좋아요.* Python, Scala 등의 추가 프로그래밍 언어 경험이 있으면 좋아요.* 데이터 분석 및 머신러닝에 대한 이해가 있으면 좋아요.* 문제 해결을 위한 분석적 사고와 커뮤니케이션 능력이 있으면 좋아요.']",https://www.rndjob.or.kr/info/sp_eview01.asp?gno=00168975&page=1>ype=&sfield=>xt=&catecd=&areacd=&bizcd=&schoolcd=&careercd=&empcd=&gcnt=&ste=&agecd=,rndjob,2025-06-09 22:17:21,new
(주)와이즈넛,와이즈넛 전문연구요원 모집,2025-05-21,2025-06-18,병역특례,대학원 석사졸업 이상,신입/경력,"경기도 성남시 분당구 대왕판교로644번길 49 DTC타워 5,6층  (삼평동)","['IT/정보통신 > 응용프로그래머 > C/C++', '0명 모집']","['ㆍ 검색/수집/챗봇/데이터 마이닝 등 솔루션 연구개발ㆍ 기계학습 플랫폼 관련 연구개발ㆍ 딥러닝 및 언어처리 관련 연구개발ㆍ IT보안 솔루션 연구개발', 'ㆍ 전문연구요원 지원자: 전산전공 석사이상의 전문연구요원 대상자(편입 혹은 전직 가능)ㆍ C/C++ Java 등 OOP 언어로 개발 가능자', 'ㆍ 대화형 인공지능 기술 개발 경험자ㆍ 검색엔진 개발 경험자, 자연어처리 전공자ㆍ 기계학습 오픈 플랫폼(Tensorflow, PyTorch 등) 경험자ㆍ 빅데이터 오픈소스 플랫폼(Hadoop, Elastic, Hive, NoSQL 등) 경험자ㆍ 빅데이터 기반 분석 솔루션 개발 경험자ㆍ IT보안 관련 분석 솔루션 개발 경험자ㆍ docker, kubernetes 등 컨테이너 관련 개발 경험자ㆍ 오픈 소스에 기여한 경험자']",https://www.rndjob.or.kr/info/sp_eview01.asp?gno=00169816&page=1>ype=&sfield=>xt=&catecd=&areacd=&bizcd=&schoolcd=&careercd=&empcd=&gcnt=&ste=&agecd=,rndjob,2025-06-09 22:17:21,new
(주)에임드바이오,"병역특례 전문요원 모집(면역 항암체 Pipeline 개발 / 항체 개발)_2025년은 현역(전직만 가능), 보충역 지원 가능",2025-06-02,2025-06-30,병역특례,대학원 석사졸업 이상,신입/경력,"서울 송파구 정의로 67 (문정동, MK타워) 10층, 11층","['연구개발 > 바이오/제약/식품 > 바이오,\xa0의약,\xa0제약', '2명 모집']","['에임드바이오는 암을 포함한 난치성 뇌 질환 환자에게 치료 솔루션을 제공하기 위해 2018년 8월 삼성서울병원에서 스핀오프한 Start Up 기업으로 유한양행· 삼성생명공익재단의 후속 투자와 삼성라이프사이언스펀드 · 인터베스트 · DS자산운용, 민트벤처로부터 2024년 7월 말 400억원 규모의 시리즈B 투자 유치를 완료하였습니다.  우리 회사는 미국 바이오헤븐(Biohaven)에 토포이소머라아제I(TOP1) 저해제 페이로드 기반의 FGFR3 항체-약물접합체(ADC) ‘AMB302(BHV-1530)’에 대한 개발, 상업화 글로벌 독점권을 라이선스아웃(L/O)하는 계약을 체결했습니다.삼성서울병원에서 수십년간 구축해 온 강력한 글로벌 네트워크, 우수한 성과를 거둔 연구팀  그리고 뛰어난 약물 개발 플랫폼을 기반으로 하여 뇌 질환 치료 혁신에 뛰어든 에임드바이오에서 함께 일할 인재를 찾고 있습니다 회사는  송파구 정의로 67 (문정동, MK타워)에 있습니다.[모집분야] 1.면역항암제/면역질환치료제 Pipeline 개발   ？ 면역항암제/면역질환치료제  효능 평가 및 기전 연구   ？ 신규 파이프라인 발굴을 위한 신규 타겟 기전 연구   ？ 신규 후보 물질에 대한 생물학적, 면역학적 특성 분석 및 평가법 구축   ？ 항체치료제 약효평가법 구축 및 분석 2. 항체 발굴 및 엔지니어링   ？ (AI 기술을 활용한) 항체 최적화 및 면역항암제 개발단일   ？ 이중항체의 최적화, 항체 성능개선   ？ 신규항체 발굴 및 스크리닝   ？ 항체 및 단백질 생산, QC  BIO: 면역학, 바이오엔지니어링, 의약화학 3. IT: 바이오인포메틱스 또는 컴퓨터사이언스, 빅데이터, AI프로그래밍', '- Pipeline 개발 Scientist / Lead Scientist 자격요건     - 학력: 생물학/생명과학/면역학/분자 생물학 박사(졸업 예정자 가능)     - 경력 : 신입·경력- 항체 개발 Scientist / Lead Scientist 자격요건     - 학력 : 생명과학분야 또는 관련학자 졸업', '- 종양 면역학, 면역학 박사 학위자 또는 학위 후 관련 분야 경력 5년 이상  - 핯체치료제 개발 유경험자  - 영어 능통자']",https://www.rndjob.or.kr/info/sp_eview01.asp?gno=00152614&page=2>ype=&sfield=>xt=&catecd=&areacd=&bizcd=&schoolcd=&careercd=&empcd=&gcnt=&ste=&agecd=,rndjob,2025-06-09 22:17:21,new
(주)지크립토,DevOps Engineer 채용,2025-05-09,2025-06-30,병역특례,대학원 이상,무관,"서울 성동구 왕십리로 222 (사근동, 한양대학교) 정보통신관 807호, HIT 321호, 312호","['IT/정보통신 > 시스템/보안 > 방화벽,\xa0Linux,\xa0서버관리', '0명 모집']","['ㆍEKS 기반 서비스 인프라 운영 및 최적화ㆍIaC 기반 클러스터 구성 및 관리ㆍCI/CD 파이프라인 유지보수ㆍ서비스 무중단 배포 환경 운영ㆍ클러스터 및 서비스 성능 안정화 작업모니터링 및 알림 시스템 구성 및 운영개발팀과 협업하여 배포 자동화 및 인프라 개선 사용기술ㆍKubernetes \ue081EKS\ue082ㆍAWS \ue081EC2, EBS, EFS, IAM, ALB 등)ㆍHelmㆍGitHub ActionsㆍLinux 기반 운영체제ㆍNoSQL(Redis, MongoDB 등)', 'ㆍKubernetes 기반 서비스 운영 경험ㆍAWS 또는 클라우드 서비스 활용 경험ㆍCI/CD 도구 사용 경험ㆍGit 기반 협업 경험ㆍ문제 해결 중심의 커뮤니케이션 역량', 'ㆍTerraform, Helm, Ansible 등 IaC 도구 활용 경험ㆍNoSQL 기반 시스템 운영 경험 (e.g. Redis, MongoDB)ㆍon-premise K8s 또는 하이브리드 인프라 운영 경험ㆍWeb3 / 블록체인 인프라 관련 경험ㆍ대규모 트래픽 처리 경험']",https://www.rndjob.or.kr/info/sp_eview01.asp?gno=00169749&page=2>ype=&sfield=>xt=&catecd=&areacd=&bizcd=&schoolcd=&careercd=&empcd=&gcnt=&ste=&agecd=,rndjob,2025-06-09 22:17:21,new
(주)지크립토,Back-end Engineer (junior) 채용,2025-05-09,2025-06-30,병역특례,대학원 이상,무관,"서울 성동구 왕십리로 222 (사근동, 한양대학교) 정보통신관 807호, HIT 321호, 312호","['IT/정보통신 > 응용프로그래머 >', '0명 모집']","['ㆍ 지크립토의 블록체인 영지식증명을 이용한 서비스들의 백엔드 개발ㆍ 공통으로 사용되는 백엔드 서비스 개발ㆍ 다양한 환경에서 배포 및 운영환경 구축사용기술ㆍNode.js, TypescriptㆍKubernetes, DockerㆍMicro Service ArchitectureㆍNoSQL (Redis, MongoDB)ㆍBlockChain (EVM 기반)', 'ㆍ컴퓨터공학, 소프트웨어, 정보보호 등 관련 전공 또는 이에 준하는 개발 역량 보유자ㆍNode.js, express.js 기반 프로젝트 경험 여부ㆍRDB, NoSQL에 대한 기본적인 이해ㆍRESTful API 구조 및 동작 방식에 대한 이해ㆍMicro Service Architecture에 대한 이해ㆍGit을 이용해 프로젝트를 관리한 경험ㆍ훌륭한 의사소통 능력', 'ㆍ서비스 운영과 다양한 상황의 문제를 해결한 경험ㆍ능숙한 Linux 사용ㆍ시스템 설계 및 데이터 모델링 경험자ㆍDevOps 혹은 SRE 경험ㆍDApp 개발 경험 또는 블록체인에 대한 기술적인 지식을 갖춘 자ㆍ대규모 트래픽 처리 경험ㆍ영지식증명(ZKP)에 대한 이해']",https://www.rndjob.or.kr/info/sp_eview01.asp?gno=00169747&page=2>ype=&sfield=>xt=&catecd=&areacd=&bizcd=&schoolcd=&careercd=&empcd=&gcnt=&ste=&agecd=,rndjob,2025-06-09 22:17:21,new
(주) 버즈니,[APLUS AI] 숏폼 백엔드 엔지니어(전문연구요원 가능),2025-05-09,2025-07-31,병역특례,대학원 석사졸업 이상,신입/경력,"서울특별시 관악구 남부순환로 1832 (봉천동, 오선빌딩) 11,12,14층","['IT/정보통신 > 전산/IT기술지원 > IT 기술지원,\xa0S/W 엔지니어', '0명 모집']","['', '', '']",https://www.rndjob.or.kr/info/sp_eview01.asp?gno=00169715&page=2>ype=&sfield=>xt=&catecd=&areacd=&bizcd=&schoolcd=&careercd=&empcd=&gcnt=&ste=&agecd=,rndjob,2025-06-09 22:17:21,new
(주) 버즈니,APLUS AI_검색&추천_백엔드 엔지니어(전문연구요원 가능),2025-05-09,2025-07-31,병역특례,대학원 석사졸업 이상,신입/경력,"서울특별시 관악구 남부순환로 1832 (봉천동, 오선빌딩) 11,12,14층","['IT/정보통신 > 전산/IT기술지원 > IT 기술지원,\xa0S/W 엔지니어', '0명 모집']","['', '', '']",https://www.rndjob.or.kr/info/sp_eview01.asp?gno=00169714&page=2>ype=&sfield=>xt=&catecd=&areacd=&bizcd=&schoolcd=&careercd=&empcd=&gcnt=&ste=&agecd=,rndjob,2025-06-09 22:17:21,new
(주) 버즈니,[APLUS AI] Knoi 백엔드 엔지니어(전문연구요원 가능),2025-05-09,2025-07-31,병역특례,대학원 석사졸업 이상,신입/경력,"서울특별시 관악구 남부순환로 1832 (봉천동, 오선빌딩) 11,12,14층","['IT/정보통신 > 전산/IT기술지원 > IT 기술지원,\xa0S/W 엔지니어', '0명 모집']","['', '', '']",https://www.rndjob.or.kr/info/sp_eview01.asp?gno=00169716&page=2>ype=&sfield=>xt=&catecd=&areacd=&bizcd=&schoolcd=&careercd=&empcd=&gcnt=&ste=&agecd=,rndjob,2025-06-09 22:17:21,new
주식회사 빅밸류,[병역 특례/전문연구요원] Data Engineer,2025-05-02,2025-12-31,병역특례,대학원 석사졸업 이상,신입,"서울 중구 서소문로 138 (태평로2가, 대한일보빌딩) 12층","['IT/정보통신 > 데이터베이스 > My-SQL,\xa0SQL,\xa0DBA', '0명 모집']","['', '', '']",https://www.rndjob.or.kr/info/sp_eview01.asp?gno=00169698&page=2>ype=&sfield=>xt=&catecd=&areacd=&bizcd=&schoolcd=&careercd=&empcd=&gcnt=&ste=&agecd=,rndjob,2025-06-09 22:17:21,new
주식회사 빅밸류,[병역 특례/전문연구요원] Data Scientist,2025-05-02,2025-12-31,"정규직, 기타, 병역특례",대학원 석사졸업 이상,신입,"서울 중구 서소문로 138 (태평로2가, 대한일보빌딩) 12층","['IT/정보통신 > 데이터베이스 > My-SQL,\xa0SQL,\xa0DBA', '0명 모집']","['', '', '']",https://www.rndjob.or.kr/info/sp_eview01.asp?gno=00169697&page=2>ype=&sfield=>xt=&catecd=&areacd=&bizcd=&schoolcd=&careercd=&empcd=&gcnt=&ste=&agecd=,rndjob,2025-06-09 22:17:21,new
원오토텍,[원오토텍] 연구·R&D 전문연구요원 채용 - 병역특례,2025-04-29,2025-06-30,"정규직, 병역특례",대학원 석사졸업 이상,신입/경력,경남 창원시 성산구 완암로 50 테크동311호,"['연구개발 > 기계/금속/자동차 > 기계,\xa0기계설계,\xa0프레스', '1명 모집']","['- 기계 설계- 자동화장비 관련 기계 설비 설계- 2D 및 3D 설계', '- 기계 관련 학과 석사 졸업(예정 포함)', '- 기계 관련 자격증']",https://www.rndjob.or.kr/info/sp_eview01.asp?gno=00168118&page=2>ype=&sfield=>xt=&catecd=&areacd=&bizcd=&schoolcd=&careercd=&empcd=&gcnt=&ste=&agecd=,rndjob,2025-06-09 22:17:21,new
주식회사 젠티,[병특]AI 엔지니어 모집,2025-04-18,2025-08-31,병역특례,대학원 석사졸업 이상,신입/경력,서울 양천구 목동 917-9 현대41타워 11층 1104호,"['IT/정보통신 > 응용프로그래머 > Embedded', '1명 모집']","['LLM 모델ㆍ거대언어모델(LLM) 사전학습, 전이학습, 미세조정 등 최신 모델 연구 및 구현(최신 기술에 관심이 많고, 최신 논문을 이해하고 모델 구현을 즐겁게 하실 수 있는 분) ㆍ다양한 학습을 통한 언어모델 성능개선 및 최적화ㆍ아키텍처 설계, 모델 서빙, 인퍼런스 최적화LLM 기반 서비스ㆍ문서관리 솔루션 내 parser Table인식 모델 등 모델 고도화문서관리 솔루션 내 parser, Table인식 모델 등 모델 고도화ㆍSTT, TTS 등 음성인식 모델 고도화ㆍ아키텍처 설계, 모델 서빙, 인퍼런스 최적화딥러닝 연구ㆍ3D 객체 탐지 및 추적 관련 기술 연구', 'ㆍ학력 : 전산, 통계, 컴퓨터공학 및 수학·물리 등 병무청에서 인정하는 자연계열, 공학계열 석사 이상의 학위를 취득한 분 (석ㆍ박사 통합과정 수료 포함)ㆍ경력 : 신입·경력ㆍ수습 : 3개월', 'ㆍ전공 : 전산학·컴퓨터공학, 응용소프트웨어공학, 수학·물리ㆍ고객사의 요구사항을 모델 구조 개선, 알고리즘 개발, 추가 학습 등을 통하여 구현한 경험ㆍ모델/서비스 개발 중 집념을 가지고 문제를 해결 해 본 경험']",https://www.rndjob.or.kr/info/sp_eview01.asp?gno=00169619&page=2>ype=&sfield=>xt=&catecd=&areacd=&bizcd=&schoolcd=&careercd=&empcd=&gcnt=&ste=&agecd=,rndjob,2025-06-09 22:17:21,new
하나에이엠티 주식회사,부설연구소 연구원 신입/경력 채용,2025-04-04,2025-06-30,병역특례,대학원 석사졸업 이상,무관,충북 청주시 청원구 오창읍 각리1길 75 하나에이엠티(주),"['연구개발 > 기계/금속/자동차 > 금속,\xa0금속재료,\xa0소재', '1명 모집']","['', '', '']",https://www.rndjob.or.kr/info/sp_eview01.asp?gno=00169038&page=3>ype=&sfield=>xt=&catecd=&areacd=&bizcd=&schoolcd=&careercd=&empcd=&gcnt=&ste=&agecd=,rndjob,2025-06-09 22:17:21,new
코그,[KOG기술연구소] 전문연구요원 모집,2025-03-05,2025-12-26,병역특례,대학원 석사졸업 이상,무관,대구 중구 국채보상로 586 (동성로2가) 교보생명빌딩 14층,"['IT/정보통신 > 게임 > 클라이언트게임개발,\xa0게임 기획,\xa0롤플레잉', '0명 모집']","['', '', '']",https://www.rndjob.or.kr/info/sp_eview01.asp?gno=00169311&page=3>ype=&sfield=>xt=&catecd=&areacd=&bizcd=&schoolcd=&careercd=&empcd=&gcnt=&ste=&agecd=,rndjob,2025-06-09 22:17:21,new
주식회사 스템온,(주)스템온 전문연구요원 모집,2025-02-18,2025-12-31,병역특례,대학원 석사졸업 이상,신입/경력,"경기 성남시 중원구 갈마치로288번길 14 (상대원동, 성남 SK V1 tower) B동 1162호","['연구개발 > 바이오/제약/식품 > 바이오', '1명 모집']","['엑소좀 기반 치료제 개발제품 개발 및 제품 유효성 평가효력시험 모델 개발 및 비임상 시험 시험법 개발 및 분석국책과제 수행 및 관리', '전문연구요원 편입 가능자', '바이오의약품 MoA 연구 경험자엑소좀 유경험자영어 및 문서 작성 능통자']",https://www.rndjob.or.kr/info/sp_eview01.asp?gno=00169207&page=3>ype=&sfield=>xt=&catecd=&areacd=&bizcd=&schoolcd=&careercd=&empcd=&gcnt=&ste=&agecd=,rndjob,2025-06-09 22:17:21,new
그릿씨아이씨,CMOS 공정 PLL 회로 설계 엔지니어 채용,2025-02-06,2025-12-31,병역특례,대학원 이상,무관,"서울 노원구 석계로18길 23 (월계동, 삼능스페이스향) 302호","['연구개발 > 전자/반도체 > 전자회로,\xa0IC설계,\xa0회로설계', '2명 모집']","['- CMOS 공정을 활용한 고성능 PLL(Phase Locked Loop) 설계 - All Digital PLL, Sub-sampling PLL 회로 설계- PLL Architecture 설계 및 검증- 팀 협업을 통한 신규 제품 개발', '- 학력: 전자, 전파 공학 등 관련 학과 학사 이상- 경력: 경력 무관', '- 반도체 회로설계 관련 전공 석사 및 박사 졸업자 또는 경력자- 반도체 칩 설계, 레이아웃, MPW 제작, 측정 유경험자- Cadence Matlab 등 설계 검증 tool 능통자']",https://www.rndjob.or.kr/info/sp_eview01.asp?gno=00169123&page=3>ype=&sfield=>xt=&catecd=&areacd=&bizcd=&schoolcd=&careercd=&empcd=&gcnt=&ste=&agecd=,rndjob,2025-06-09 22:17:21,new
(주)파인브이티,인공지능 머신비전 전문 인재 채용,2025-01-08,2025-12-31,병역특례,대학원 석사졸업 이상,무관,"경기 안양시 동안구 시민대로 383 (관양동, 디지털 엠파이어) B동 1202호","['연구개발 > 기타 연구개발/기술/생산 > 기타 연구개발/기술/생산', '2명 모집']","['딥러닝 및 머신러닝 등 학습 데이터 처리, 인공지능 알고리즘 기반 머신비전 영상 처리 연구', '- 석사 학위 이상 취득자', '- 딥러닝 및 머신 러닝 등 학습 데이타 처리 가능자 우대- 인공지능 알고리즘 개발 가능자 우대- 파이썬, 파이터치 등 언어 사용자 우대- 영상처리 알고리즘 이해자 우대']",https://www.rndjob.or.kr/info/sp_eview01.asp?gno=00167517&page=3>ype=&sfield=>xt=&catecd=&areacd=&bizcd=&schoolcd=&careercd=&empcd=&gcnt=&ste=&agecd=,rndjob,2025-06-09 22:17:21,new
